Modality1,StimulusType1,WordCue1,WordCue1Swedish,Stimulus_file1,Modality2,StimulusType2,WordCue2,WordCue2Swedish,Stimulus_file2,Random,OdorTrigger,Modality,Stimulustype,Target,Cue,SoundFile,Match,ImageFile,Correct,SmellText,nRepOne,nRepTwo,nRepThree,nRepFour,SwedishSoundFile,trials_2.thisRepN,trials_2.thisTrialN,trials_2.thisN,trials_2.thisIndex,trials.thisRepN,trials.thisTrialN,trials.thisN,trials.thisIndex,VisualPracticeLoop.thisRepN,VisualPracticeLoop.thisTrialN,VisualPracticeLoop.thisN,VisualPracticeLoop.thisIndex,OlfactoryPracticeLoop.thisRepN,OlfactoryPracticeLoop.thisTrialN,OlfactoryPracticeLoop.thisN,OlfactoryPracticeLoop.thisIndex,routineController.thisRepN,routineController.thisTrialN,routineController.thisN,routineController.thisIndex,routineOne.thisRepN,routineOne.thisTrialN,routineOne.thisN,routineOne.thisIndex,routineTwo.thisRepN,routineTwo.thisTrialN,routineTwo.thisN,routineTwo.thisIndex,routineThree.thisRepN,routineThree.thisTrialN,routineThree.thisN,routineThree.thisIndex,routineFour.thisRepN,routineFour.thisTrialN,routineFour.thisN,routineFour.thisIndex,innerFour.thisRepN,innerFour.thisTrialN,innerFour.thisN,innerFour.thisIndex,innerThree.thisRepN,innerThree.thisTrialN,innerThree.thisN,innerThree.thisIndex,innerOne.thisRepN,innerOne.thisTrialN,innerOne.thisN,innerOne.thisIndex,innerTwo.thisRepN,innerTwo.thisTrialN,innerTwo.thisN,innerTwo.thisIndex,RatingInstructions_1_KeyResponse.keys,RatingInstructions_1_KeyResponse.rt,RatingInstructions_2_KeyResponse.keys,RatingInstructions_2_KeyResponse.rt,RatingInstructions_3_KeyResponse.keys,RatingInstructions_3_KeyResponse.rt,IntensitySlider_VisualRating.response,IntensitySlider_VisualRating.rt,QualitySlider_VisualRating.response,QualitySlider_VisualRating.rt,FruitSlider_VisualRating.response,FruitSlider_VisualRating.rt,FlowerSlider_VisualRating.response,FlowerSlider_VisualRating.rt,IntensitySlider_OlfactoryRating.response,IntensitySlider_OlfactoryRating.rt,QualitySlider_OlfactoryRating.response,QualitySlider_OlfactoryRating.rt,FruitSlider_OlfactoryRating.response,FruitSlider_OlfactoryRating.rt,FlowerSlider_OlfactoryRating.response,FlowerSlider_OlfactoryRating.rt,VisualPractice_KeyResponse.keys,VisualPractice_KeyResponse.rt,KeyResponse_VisualPractice.keys,KeyResponse_VisualPractice.corr,KeyResponse_VisualPractice.rt,OlfactoryPractice_KeyResponse.keys,OlfactoryPractice_KeyResponse.rt,KeyResponse_OlfactoryPractice.keys,KeyResponse_OlfactoryPractice.corr,KeyResponse_OlfactoryPractice.rt,ExperimentInstructions_KeyResponse.keys,ExperimentInstructions_KeyResponse.rt,SPACEBAR_VisualStimuli.keys,SPACEBAR_VisualStimuli.rt,Two_VisualObject.started,Two_VisualObject.stopped,KeyResponse_VisualObject.keys,KeyResponse_VisualObject.corr,KeyResponse_VisualObject.rt,VisualObject_Feedbacktext.started,VisualObject_Feedbacktext.stopped,SPACEBAR2_VisualStimuli.keys,SPACEBAR2_VisualStimuli.rt,Instructions_OlfactoryObject_KeyResponse.keys,Instructions_OlfactoryObject_KeyResponse.rt,KeyResponse_OlfactoryObject.keys,KeyResponse_OlfactoryObject.corr,KeyResponse_OlfactoryObject.rt,SPACEBAR2_OlfactoryObject.keys,SPACEBAR2_OlfactoryObject.rt,SPACEBAR_VisualCategory.keys,SPACEBAR_VisualCategory.rt,KeyResponse_VisualCategory.keys,KeyResponse_VisualCategory.corr,KeyResponse_VisualCategory.rt,SPACEBAR2_VisualCategory.keys,SPACEBAR2_VisualCategory.rt,Wait_OlfactoryCategory_Instructions.started,Wait_OlfactoryCategory_Instructions.stopped,Instructions_OlfactoryCategory_KeyResponse.keys,Instructions_OlfactoryCategory_KeyResponse.rt,KeyResponse_OlfactoryCategory.keys,KeyResponse_OlfactoryCategory.corr,KeyResponse_OlfactoryCategory.rt,SPACEBAR2_OlfactoryCategory.keys,SPACEBAR2_OlfactoryCategory.rt,participant,session,date,expName,psychopyVersion,frameRate,
,,,,,,,,,,,,,,,,,,,,,,,,,,,,,,,,,,,,,,,,,,,,,,,,,,,,,,,,,,,,,,,,,,,,,,,,,,,,,,space,28.949549739714712,,,,,,,,,,,,,,,,,,,,,,,,,,,,,,,,,,,,,,,,,,,,,,,,,,,,,,,,,,,,,,,,,,,128,001,2019_Aug_08_1110,Experiment 1_July3,3.1.0,59.990039482490225,
,,,,,,,,,,,,,,,,,,,,,,,,,,,,,,,,,,,,,,,,,,,,,,,,,,,,,,,,,,,,,,,,,,,,,,,,,,,,,,,,space,26.732875475659966,,,,,,,,,,,,,,,,,,,,,,,,,,,,,,,,,,,,,,,,,,,,,,,,,,,,,,,,,,,,,,,,,128,001,2019_Aug_08_1110,Experiment 1_July3,3.1.0,59.990039482490225,
,,,,,,,,,,,,,,,,,,,,,,,,,,,,,,,,,,,,,,,,,,,,,,,,,,,,,,,,,,,,,,,,,,,,,,,,,,,,,,,,,,space,49.16545299207792,,,,,,,,,,,,,,,,,,,,,,,,,,,,,,,,,,,,,,,,,,,,,,,,,,,,,,,,,,,,,,,128,001,2019_Aug_08_1110,Experiment 1_July3,3.1.0,59.990039482490225,
Visual,Pear,Pear,Päron,C:\Users\subic\Desktop\Experiment 1\Images\pear.jpg,Olfactory,Lemon,Lemon,Citron,Lemon,0.193946594,1,,,,,,,,,,,,,,,0,0,0,0,0,0,0,7,,,,,,,,,,,,,,,,,,,,,,,,,,,,,,,,,,,,,,,,,,,,,,,,,,,100.0,23.3241045367904,100,29.425024377182126,99.89687500000001,31.259264066815376,7.806249999999998,55.9093297268264,89.89375,14.58513764385134,85.253125,19.702573561575264,89.89375,22.70369657035917,9.662500000000001,27.50427014986053,,,,,,,,,,,,,,,,,,,,,,,,,,,,,,,,,,,,,,,,,,,,,,,128,001,2019_Aug_08_1110,Experiment 1_July3,3.1.0,59.990039482490225,
Visual,Pear,Pear,Päron,C:\Users\subic\Desktop\Experiment 1\Images\pear.jpg,Olfactory,Lavender,Lavender,Lavendel,Lavender,0.361805686,8,,,,,,,,,,,,,,,0,0,0,0,0,1,1,6,,,,,,,,,,,,,,,,,,,,,,,,,,,,,,,,,,,,,,,,,,,,,,,,,,,100,9.390025750733912,100,11.023805369157344,100.0,13.807669666595757,8.837499999999999,16.907821514178067,97.215625,13.201761795207858,98.35000000000001,16.436064880806953,6.775000000000001,20.653426233213395,96.90625,23.78756962204352,,,,,,,,,,,,,,,,,,,,,,,,,,,,,,,,,,,,,,,,,,,,,,,128,001,2019_Aug_08_1110,Experiment 1_July3,3.1.0,59.990039482490225,
Visual,Lavender,Lavender,Lavendel,C:\Users\subic\Desktop\Experiment 1\Images\lavender.jpg,Olfactory,Lemon,Lemon,Citron,Lemon,0.892367748,1,,,,,,,,,,,,,,,0,0,0,0,0,2,2,0,,,,,,,,,,,,,,,,,,,,,,,,,,,,,,,,,,,,,,,,,,,,,,,,,,,95.05,15.350064754020423,91.440625,16.717732368037105,1.2062499999999994,20.535510320216417,99.89687500000001,23.086266388185322,98.55624999999999,12.372141535393894,99.07187499999999,14.206633600406349,93.91562499999999,17.540850648656487,6.362499999999997,20.975035395938903,,,,,,,,,,,,,,,,,,,,,,,,,,,,,,,,,,,,,,,,,,,,,,,128,001,2019_Aug_08_1110,Experiment 1_July3,3.1.0,59.990039482490225,
Visual,Lilac,Lilac,Syrén,C:\Users\subic\Desktop\Experiment 1\Images\lilac.jpg,Olfactory,Lilac,Lilac,Syrén,Lilac,0.452236628,4,,,,,,,,,,,,,,,0,0,0,0,0,3,3,2,,,,,,,,,,,,,,,,,,,,,,,,,,,,,,,,,,,,,,,,,,,,,,,,,,,100,9.365028543397784,100.0,11.199453589972109,6.671875000000002,14.267067770007998,100.0,16.884463537018746,99.79375,16.076194329187274,94.6375,17.160460433457047,1.0,20.46147808479145,96.49375,23.296002753078938,,,,,,,,,,,,,,,,,,,,,,,,,,,,,,,,,,,,,,,,,,,,,,,128,001,2019_Aug_08_1110,Experiment 1_July3,3.1.0,59.990039482490225,
Visual,Lavender,Lavender,Lavendel,C:\Users\subic\Desktop\Experiment 1\Images\lavender.jpg,Olfactory,Pear,Pear,Päron,Pear,0.869429028,2,,,,,,,,,,,,,,,0,0,0,0,0,4,4,1,,,,,,,,,,,,,,,,,,,,,,,,,,,,,,,,,,,,,,,,,,,,,,,,,,,100,10.719691595062613,90.82187499999999,17.020625926554203,1,20.738628782331944,94.01875,24.505603873636574,100,9.388875572476536,99.89687500000001,11.373162507079542,100,12.340709970798343,1.2062499999999994,17.85872007207945,,,,,,,,,,,,,,,,,,,,,,,,,,,,,,,,,,,,,,,,,,,,,,,128,001,2019_Aug_08_1110,Experiment 1_July3,3.1.0,59.990039482490225,
Visual,Lemon,Lemon,Citron,C:\Users\subic\Desktop\Experiment 1\Images\lemon.jpg,Olfactory,Pear,Pear,Päron,Pear,0.575663002,2,,,,,,,,,,,,,,,0,0,0,0,0,5,5,4,,,,,,,,,,,,,,,,,,,,,,,,,,,,,,,,,,,,,,,,,,,,,,,,,,,99.89687500000001,11.704296112060547,94.225,13.522124176844954,100,15.689885978586972,4.403124999999999,19.156999634578824,100,11.464367115404457,100,14.581924390047789,99.89687500000001,18.616182193160057,2.0312500000000018,23.733459319453686,,,,,,,,,,,,,,,,,,,,,,,,,,,,,,,,,,,,,,,,,,,,,,,128,001,2019_Aug_08_1110,Experiment 1_July3,3.1.0,59.990039482490225,
Visual,Lilac,Lilac,Syrén,C:\Users\subic\Desktop\Experiment 1\Images\lilac.jpg,Olfactory,Lilac,Lilac,Syrén,Lilac,0.81958672,4,,,,,,,,,,,,,,,0,0,0,0,0,6,6,3,,,,,,,,,,,,,,,,,,,,,,,,,,,,,,,,,,,,,,,,,,,,,,,,,,,100,9.45264193834737,96.80312500000001,12.9703404949978,1,16.292597501073033,100.0,18.972023196984082,85.56250000000001,14.021766444668174,83.29375,20.155920701101422,9.868750000000002,25.907077671494335,96.08125,33.6577389491722,,,,,,,,,,,,,,,,,,,,,,,,,,,,,,,,,,,,,,,,,,,,,,,128,001,2019_Aug_08_1110,Experiment 1_July3,3.1.0,59.990039482490225,
Visual,Lemon,Lemon,Citron,C:\Users\subic\Desktop\Experiment 1\Images\lemon.jpg,Olfactory,Lavender,Lavender,Lavendel,Lavender,0.009211858,8,,,,,,,,,,,,,,,0,0,0,0,0,7,7,5,,,,,,,,,,,,,,,,,,,,,,,,,,,,,,,,,,,,,,,,,,,,,,,,,,,100,9.74016657937318,100.0,14.391055175103247,100,15.875326714012772,3.1656249999999977,17.610065418295562,99.89687500000001,10.385496282018721,100.0,13.769608728121966,1.0,15.353830455802381,100.0,17.00467678811401,,,,,,,,,,,,,,,,,,,,,,,,,,,,,,,,,,,,,,,,,,,,,,,128,001,2019_Aug_08_1110,Experiment 1_July3,3.1.0,59.990039482490225,
,,,,,,,,,,,,,,,,,,,,,,,,,,0,0,0,0,,,,,,,,,,,,,,,,,,,,,,,,,,,,,,,,,,,,,,,,,,,,,,,,,,,,,,,,,,,,,,,,,,,,,,,,,,,,,,,,,,,,,,,,,,,,,,,,,,,,,,,,,,,,,,,,,,,,,128,001,2019_Aug_08_1110,Experiment 1_July3,3.1.0,59.990039482490225,
,,,,,,,,,,,,,,,,,,,,,,,,,,,,,,,,,,,,,,,,,,,,,,,,,,,,,,,,,,,,,,,,,,,,,,,,,,,,,,,,,,,,,,,,,,,,,,,,,,,,space,94.61426462512463,,,,,,,,,,,,,,,,,,,,,,,,,,,,,,,,,,,,,,,,,,,,,128,001,2019_Aug_08_1110,Experiment 1_July3,3.1.0,59.990039482490225,
,,,,,,,,,,0.242473894,,VisualStimulus,Flower,Lilac,Lilac,C:\Users\subic\Desktop\Experiment 1\Sounds\LILAC.wav,yes,C:\Users\subic\Desktop\Experiment 1\Images\lilac.jpg,n,,,,,,,,,,,,,,,0,0,0,0,,,,,,,,,,,,,,,,,,,,,,,,,,,,,,,,,,,,,,,,,,,,,,,,,,,,,,,,,,,,,,,,,n,1,0.5005666366778314,,,,,,,,,,,,,,,,,,,,,,,,,,,,,,,,,,,,,,,,,,128,001,2019_Aug_08_1110,Experiment 1_July3,3.1.0,59.990039482490225,
,,,,,,,,,,0.046219304,,VisualStimulus,Fruit,Pear,Pear,C:\Users\subic\Desktop\Experiment 1\Sounds\PEAR.wav,yes,C:\Users\subic\Desktop\Experiment 1\Images\pear.jpg,n,,,,,,,,,,,,,,,0,1,1,1,,,,,,,,,,,,,,,,,,,,,,,,,,,,,,,,,,,,,,,,,,,,,,,,,,,,,,,,,,,,,,,,,n,1,0.35038535483181477,,,,,,,,,,,,,,,,,,,,,,,,,,,,,,,,,,,,,,,,,,128,001,2019_Aug_08_1110,Experiment 1_July3,3.1.0,59.990039482490225,
,,,,,,,,,,0.906120518,,VisualStimulus,Flower,Lavender,Lavender,C:\Users\subic\Desktop\Experiment 1\Sounds\LAVENDER.wav,yes,C:\Users\subic\Desktop\Experiment 1\Images\lavender.jpg,n,,,,,,,,,,,,,,,0,2,2,2,,,,,,,,,,,,,,,,,,,,,,,,,,,,,,,,,,,,,,,,,,,,,,,,,,,,,,,,,,,,,,,,,n,1,0.5000649052672088,,,,,,,,,,,,,,,,,,,,,,,,,,,,,,,,,,,,,,,,,,128,001,2019_Aug_08_1110,Experiment 1_July3,3.1.0,59.990039482490225,
,,,,,,,,,,0.084246868,,VisualStimulus,Fruit,Lemon,Lemon,C:\Users\subic\Desktop\Experiment 1\Sounds\LEMON.wav,yes,C:\Users\subic\Desktop\Experiment 1\Images\lemon.jpg,n,,,,,,,,,,,,,,,0,3,3,3,,,,,,,,,,,,,,,,,,,,,,,,,,,,,,,,,,,,,,,,,,,,,,,,,,,,,,,,,,,,,,,,,n,1,0.41705765714868903,,,,,,,,,,,,,,,,,,,,,,,,,,,,,,,,,,,,,,,,,,128,001,2019_Aug_08_1110,Experiment 1_July3,3.1.0,59.990039482490225,
,,,,,,,,,,,,,,,,,,,,,,,,,,,,,,,,,,,,,,,,,,,,,,,,,,,,,,,,,,,,,,,,,,,,,,,,,,,,,,,,,,,,,,,,,,,,,,,,,,,,,,,,,space,35.032595629338175,,,,,,,,,,,,,,,,,,,,,,,,,,,,,,,,,,,,,,,,128,001,2019_Aug_08_1110,Experiment 1_July3,3.1.0,59.990039482490225,
,,,,,,,,,,0.263244177,2,OlfactoryStimulus,Fruit,Pear,Pear,C:\Users\subic\Desktop\Experiment 1\Sounds\PEAR.wav,yes,None,n,Pear,,,,,,,,,,,,,,,,,,0,0,0,0,,,,,,,,,,,,,,,,,,,,,,,,,,,,,,,,,,,,,,,,,,,,,,,,,,,,,,,,,,,,,,,,,,n,1,2.066904149018228,,,,,,,,,,,,,,,,,,,,,,,,,,,,,,,,,,,,,128,001,2019_Aug_08_1110,Experiment 1_July3,3.1.0,59.990039482490225,
,,,,,,,,,,0.166173162,8,OlfactoryStimulus,Flower,Lavender,Lavender,C:\Users\subic\Desktop\Experiment 1\Sounds\LAVENDER.wav,yes,None,n,Lavender,,,,,,,,,,,,,,,,,,0,1,1,1,,,,,,,,,,,,,,,,,,,,,,,,,,,,,,,,,,,,,,,,,,,,,,,,,,,,,,,,,,,,,,,,,,n,1,1.4169332808814943,,,,,,,,,,,,,,,,,,,,,,,,,,,,,,,,,,,,,128,001,2019_Aug_08_1110,Experiment 1_July3,3.1.0,59.990039482490225,
,,,,,,,,,,0.99592182,1,OlfactoryStimulus,Fruit,Lemon,Lemon,C:\Users\subic\Desktop\Experiment 1\Sounds\LEMON.wav,yes,None,n,Lemon,,,,,,,,,,,,,,,,,,0,2,2,2,,,,,,,,,,,,,,,,,,,,,,,,,,,,,,,,,,,,,,,,,,,,,,,,,,,,,,,,,,,,,,,,,,n,1,1.4669397710822523,,,,,,,,,,,,,,,,,,,,,,,,,,,,,,,,,,,,,128,001,2019_Aug_08_1110,Experiment 1_July3,3.1.0,59.990039482490225,
,,,,,,,,,,0.368748025,4,OlfactoryStimulus,Flower,Lilac,Lilac,C:\Users\subic\Desktop\Experiment 1\Sounds\LILAC.wav,yes,None,n,Lilac,,,,,,,,,,,,,,,,,,0,3,3,3,,,,,,,,,,,,,,,,,,,,,,,,,,,,,,,,,,,,,,,,,,,,,,,,,,,,,,,,,,,,,,,,,,n,1,2.500263544730842,,,,,,,,,,,,,,,,,,,,,,,,,,,,,,,,,,,,,128,001,2019_Aug_08_1110,Experiment 1_July3,3.1.0,59.990039482490225,
,,,,,,,,,,,,,,,,,,,,,,,,,,,,,,,,,,,,,,,,,,,,,,,,,,,,,,,,,,,,,,,,,,,,,,,,,,,,,,,,,,,,,,,,,,,,,,,,,,,,,,,,,,,,,,space,38.149140988942236,,,,,,,,,,,,,,,,,,,,,,,,,,,,,,,,,,,128,001,2019_Aug_08_1110,Experiment 1_July3,3.1.0,59.990039482490225,
,,,,,,,,,,0.469407498,,VisualStimulus,Fruit,Lemon,Pear,C:\Users\subic\Desktop\Experiment 1\Sounds\PEAR.wav,no,C:\Users\subic\Desktop\Experiment 1\Images\lemon.jpg,m,,0,0,0,2,,,,,,,,,,,,,,,,,,0,0,0,3,,,,,,,,,,,,,0,0,0,0,0,0,0,0,,,,,,,,,,,,,,,,,,,,,,,,,,,,,,,,,,,,,,,,,,,,,,,space,60.88171458058059,861.292604746297,861.6925872368738,m,1,0.6504399962723255,865.5924655776471,866.0924731250852,,,,,,,,,,,,,,,,,,,,,,,,,,128,001,2019_Aug_08_1110,Experiment 1_July3,3.1.0,59.990039482490225,
,,,,,,,,,,0.91594453,,VisualStimulus,Flower,Lavender,Lavender,C:\Users\subic\Desktop\Experiment 1\Sounds\LAVENDER.wav,yes,C:\Users\subic\Desktop\Experiment 1\Images\lavender.jpg,n,,0,0,0,2,,,,,,,,,,,,,,,,,,0,0,0,3,,,,,,,,,,,,,0,0,0,0,0,1,1,1,,,,,,,,,,,,,,,,,,,,,,,,,,,,,,,,,,,,,,,,,,,,,,,,,871.7922512399964,872.1922361459583,n,1,0.35035758186131716,875.7920773550868,876.2921042228118,,,,,,,,,,,,,,,,,,,,,,,,,,128,001,2019_Aug_08_1110,Experiment 1_July3,3.1.0,59.990039482490225,
,,,,,,,,,,0.61207768,,VisualStimulus,Flower,Lilac,Lemon,C:\Users\subic\Desktop\Experiment 1\Sounds\LEMON.wav,no,C:\Users\subic\Desktop\Experiment 1\Images\lilac.jpg,m,,0,0,0,2,,,,,,,,,,,,,,,,,,0,0,0,3,,,,,,,,,,,,,0,0,0,0,0,2,2,2,,,,,,,,,,,,,,,,,,,,,,,,,,,,,,,,,,,,,,,,,,,,,,,,,882.2919055828825,882.6918862625025,m,1,0.46709131682291627,886.4084364520386,886.9083630940877,,,,,,,,,,,,,,,,,,,,,,,,,,128,001,2019_Aug_08_1110,Experiment 1_July3,3.1.0,59.990039482490225,
,,,,,,,,,,0.657606618,,VisualStimulus,Fruit,Pear,Lemon,C:\Users\subic\Desktop\Experiment 1\Sounds\LEMON.wav,no,C:\Users\subic\Desktop\Experiment 1\Images\pear.jpg,m,,0,0,0,2,,,,,,,,,,,,,,,,,,0,0,0,3,,,,,,,,,,,,,0,0,0,0,0,3,3,3,,,,,,,,,,,,,,,,,,,,,,,,,,,,,,,,,,,,,,,,,,,,,,,,,892.791555095464,893.191557510756,m,1,0.5503938077017665,896.9914095872082,897.491393587552,,,,,,,,,,,,,,,,,,,,,,,,,,128,001,2019_Aug_08_1110,Experiment 1_July3,3.1.0,59.990039482490225,
,,,,,,,,,,0.490785867,,VisualStimulus,Fruit,Lemon,Lilac,C:\Users\subic\Desktop\Experiment 1\Sounds\LILAC.wav,no,C:\Users\subic\Desktop\Experiment 1\Images\lemon.jpg,m,,0,0,0,2,,,,,,,,,,,,,,,,,,0,0,0,3,,,,,,,,,,,,,0,0,0,0,0,4,4,4,,,,,,,,,,,,,,,,,,,,,,,,,,,,,,,,,,,,,,,,,,,,,,,,,903.2912034005858,903.6912311739288,m,1,0.43370958138257265,907.3743742699735,907.8743787980638,,,,,,,,,,,,,,,,,,,,,,,,,,128,001,2019_Aug_08_1110,Experiment 1_July3,3.1.0,59.990039482490225,
,,,,,,,,,,0.231774754,,VisualStimulus,Flower,Lilac,Lilac,C:\Users\subic\Desktop\Experiment 1\Sounds\LILAC.wav,yes,C:\Users\subic\Desktop\Experiment 1\Images\lilac.jpg,n,,0,0,0,2,,,,,,,,,,,,,,,,,,0,0,0,3,,,,,,,,,,,,,0,0,0,0,0,5,5,5,,,,,,,,,,,,,,,,,,,,,,,,,,,,,,,,,,,,,,,,,,,,,,,,,913.7908511017449,914.1908341962844,n,1,0.3504191660322249,917.7908058194444,918.2907246123068,,,,,,,,,,,,,,,,,,,,,,,,,,128,001,2019_Aug_08_1110,Experiment 1_July3,3.1.0,59.990039482490225,
,,,,,,,,,,0.954619489,,VisualStimulus,Fruit,Pear,Pear,C:\Users\subic\Desktop\Experiment 1\Sounds\PEAR.wav,yes,C:\Users\subic\Desktop\Experiment 1\Images\pear.jpg,n,,0,0,0,2,,,,,,,,,,,,,,,,,,0,0,0,3,,,,,,,,,,,,,0,0,0,0,0,6,6,6,,,,,,,,,,,,,,,,,,,,,,,,,,,,,,,,,,,,,,,,,,,,,,,,,924.290512689855,924.6904921615496,n,1,0.4002747144550085,928.3403555592522,928.8403552575037,,,,,,,,,,,,,,,,,,,,,,,,,,128,001,2019_Aug_08_1110,Experiment 1_July3,3.1.0,59.990039482490225,
,,,,,,,,,,0.16730892,,VisualStimulus,Flower,Lavender,Lemon,C:\Users\subic\Desktop\Experiment 1\Sounds\LEMON.wav,no,C:\Users\subic\Desktop\Experiment 1\Images\lavender.jpg,m,,0,0,0,2,,,,,,,,,,,,,,,,,,0,0,0,3,,,,,,,,,,,,,0,0,0,0,0,7,7,7,,,,,,,,,,,,,,,,,,,,,,,,,,,,,,,,,,,,,,,,,,,,,,,,,934.790150126908,935.1901350328699,m,1,0.38361373357474804,938.8233519396745,939.3233226570301,,,,,,,,,,,,,,,,,,,,,,,,,,128,001,2019_Aug_08_1110,Experiment 1_July3,3.1.0,59.990039482490225,
,,,,,,,,,,0.783875337,,VisualStimulus,Fruit,Pear,Pear,C:\Users\subic\Desktop\Experiment 1\Sounds\PEAR.wav,yes,C:\Users\subic\Desktop\Experiment 1\Images\pear.jpg,n,,0,0,0,2,,,,,,,,,,,,,,,,,,0,0,0,3,,,,,,,,,,,,,0,0,0,0,0,8,8,8,,,,,,,,,,,,,,,,,,,,,,,,,,,,,,,,,,,,,,,,,,,,,,,,,945.2897990359925,945.689782130532,n,1,0.3667009808123112,949.3063072636724,949.8063196409494,,,,,,,,,,,,,,,,,,,,,,,,,,128,001,2019_Aug_08_1110,Experiment 1_July3,3.1.0,59.990039482490225,
,,,,,,,,,,0.157634785,,VisualStimulus,Flower,Lavender,Pear,C:\Users\subic\Desktop\Experiment 1\Sounds\PEAR.wav,no,C:\Users\subic\Desktop\Experiment 1\Images\lavender.jpg,m,,0,0,0,2,,,,,,,,,,,,,,,,,,0,0,0,3,,,,,,,,,,,,,0,0,0,0,0,9,9,9,,,,,,,,,,,,,,,,,,,,,,,,,,,,,,,,,,,,,,,,,,,,,,,,,955.7895161705092,956.189397228416,m,1,0.33383486326783895,959.772651115898,960.2726182104088,,,,,,,,,,,,,,,,,,,,,,,,,,128,001,2019_Aug_08_1110,Experiment 1_July3,3.1.0,59.990039482490225,
,,,,,,,,,,0.486999145,,VisualStimulus,Flower,Lilac,Lilac,C:\Users\subic\Desktop\Experiment 1\Sounds\LILAC.wav,yes,C:\Users\subic\Desktop\Experiment 1\Images\lilac.jpg,n,,0,0,0,2,,,,,,,,,,,,,,,,,,0,0,0,3,,,,,,,,,,,,,0,0,0,0,0,10,10,10,,,,,,,,,,,,,,,,,,,,,,,,,,,,,,,,,,,,,,,,,,,,,,,,,966.2890992686152,966.6890829671174,n,1,0.5667366031557322,970.5056002512574,971.0055987420492,,,,,,,,,,,,,,,,,,,,,,,,,,128,001,2019_Aug_08_1110,Experiment 1_July3,3.1.0,59.990039482490225,
,,,,,,,,,,0.0952026,,VisualStimulus,Fruit,Pear,Pear,C:\Users\subic\Desktop\Experiment 1\Sounds\PEAR.wav,yes,C:\Users\subic\Desktop\Experiment 1\Images\pear.jpg,n,,0,0,0,2,,,,,,,,,,,,,,,,,,0,0,0,3,,,,,,,,,,,,,0,0,0,0,0,11,11,11,,,,,,,,,,,,,,,,,,,,,,,,,,,,,,,,,,,,,,,,,,,,,,,,,976.788786818739,977.1886956496164,n,1,0.3507832381874323,980.7885972354561,981.288566745352,,,,,,,,,,,,,,,,,,,,,,,,,,128,001,2019_Aug_08_1110,Experiment 1_July3,3.1.0,59.990039482490225,
,,,,,,,,,,0.46299981,,VisualStimulus,Flower,Lavender,Lavender,C:\Users\subic\Desktop\Experiment 1\Sounds\LAVENDER.wav,yes,C:\Users\subic\Desktop\Experiment 1\Images\lavender.jpg,n,,0,0,0,2,,,,,,,,,,,,,,,,,,0,0,0,3,,,,,,,,,,,,,0,0,0,0,0,12,12,12,,,,,,,,,,,,,,,,,,,,,,,,,,,,,,,,,,,,,,,,,,,,,,,,,987.2883892375976,987.6883940673433,n,1,0.4504315434023738,991.3881987486966,991.8882872005925,,,,,,,,,,,,,,,,,,,,,,,,,,128,001,2019_Aug_08_1110,Experiment 1_July3,3.1.0,59.990039482490225,
,,,,,,,,,,0.086894312,,VisualStimulus,Fruit,Lemon,Lemon,C:\Users\subic\Desktop\Experiment 1\Sounds\LEMON.wav,yes,C:\Users\subic\Desktop\Experiment 1\Images\lemon.jpg,n,,0,0,0,2,,,,,,,,,,,,,,,,,,0,0,0,3,,,,,,,,,,,,,0,0,0,0,0,13,13,13,,,,,,,,,,,,,,,,,,,,,,,,,,,,,,,,,,,,,,,,,,,,,,,,,997.7880538441241,998.188006750308,n,1,0.4004649012349546,1001.8378967135213,1002.3378837322816,,,,,,,,,,,,,,,,,,,,,,,,,,128,001,2019_Aug_08_1110,Experiment 1_July3,3.1.0,59.990039482490225,
,,,,,,,,,,0.838514718,,VisualStimulus,Flower,Lilac,Lavender,C:\Users\subic\Desktop\Experiment 1\Sounds\LAVENDER.wav,no,C:\Users\subic\Desktop\Experiment 1\Images\lilac.jpg,m,,0,0,0,2,,,,,,,,,,,,,,,,,,0,0,0,3,,,,,,,,,,,,,0,0,0,0,0,14,14,14,,,,,,,,,,,,,,,,,,,,,,,,,,,,,,,,,,,,,,,,,,,,,,,,,1008.2876882627606,1008.6876846398227,m,1,0.4836514685302973,1012.4209646405652,1012.9208701509051,,,,,,,,,,,,,,,,,,,,,,,,,,128,001,2019_Aug_08_1110,Experiment 1_July3,3.1.0,59.990039482490225,
,,,,,,,,,,0.133531049,,VisualStimulus,Fruit,Pear,Lilac,C:\Users\subic\Desktop\Experiment 1\Sounds\LILAC.wav,no,C:\Users\subic\Desktop\Experiment 1\Images\pear.jpg,m,,0,0,0,2,,,,,,,,,,,,,,,,,,0,0,0,3,,,,,,,,,,,,,0,0,0,0,0,15,15,15,,,,,,,,,,,,,,,,,,,,,,,,,,,,,,,,,,,,,,,,,,,,,,,,,1018.7873951331712,1019.1872610966675,m,1,0.36708860006183386,1022.8038623048924,1023.3038529464975,,,,,,,,,,,,,,,,,,,,,,,,,,128,001,2019_Aug_08_1110,Experiment 1_July3,3.1.0,59.990039482490225,
,,,,,,,,,,0.561148654,,VisualStimulus,Flower,Lavender,Lavender,C:\Users\subic\Desktop\Experiment 1\Sounds\LAVENDER.wav,yes,C:\Users\subic\Desktop\Experiment 1\Images\lavender.jpg,n,,0,0,0,2,,,,,,,,,,,,,,,,,,0,0,0,3,,,,,,,,,,,,,0,0,0,0,0,16,16,16,,,,,,,,,,,,,,,,,,,,,,,,,,,,,,,,,,,,,,,,,,,,,,,,,1029.2869679671712,1029.6869118167087,n,1,0.4336298839189112,1033.3702571750619,1033.8701602704823,,,,,,,,,,,,,,,,,,,,,,,,,,128,001,2019_Aug_08_1110,Experiment 1_July3,3.1.0,59.990039482490225,
,,,,,,,,,,0.367910262,,VisualStimulus,Fruit,Lemon,Lemon,C:\Users\subic\Desktop\Experiment 1\Sounds\LEMON.wav,yes,C:\Users\subic\Desktop\Experiment 1\Images\lemon.jpg,n,,0,0,0,2,,,,,,,,,,,,,,,,,,0,0,0,3,,,,,,,,,,,,,0,0,0,0,0,17,17,17,,,,,,,,,,,,,,,,,,,,,,,,,,,,,,,,,,,,,,,,,,,,,,,,,1039.786680875346,1040.18658004608,n,1,0.3500424148514867,1043.786469556857,1044.2864445000887,,,,,,,,,,,,,,,,,,,,,,,,,,128,001,2019_Aug_08_1110,Experiment 1_July3,3.1.0,59.990039482490225,
,,,,,,,,,,0.655331144,,VisualStimulus,Flower,Lavender,Lilac,C:\Users\subic\Desktop\Experiment 1\Sounds\LILAC.wav,no,C:\Users\subic\Desktop\Experiment 1\Images\lavender.jpg,m,,0,0,0,2,,,,,,,,,,,,,,,,,,0,0,0,3,,,,,,,,,,,,,0,0,0,0,0,18,18,18,,,,,,,,,,,,,,,,,,,,,,,,,,,,,,,,,,,,,,,,,,,,,,,,,1050.2862585396506,1050.686245860532,m,1,0.40040210960432887,1054.336118918378,1054.8361041261815,,,,,,,,,,,,,,,,,,,,,,,,,,128,001,2019_Aug_08_1110,Experiment 1_July3,3.1.0,59.990039482490225,
,,,,,,,,,,0.573342886,,VisualStimulus,Fruit,Lemon,Lemon,C:\Users\subic\Desktop\Experiment 1\Sounds\LEMON.wav,yes,C:\Users\subic\Desktop\Experiment 1\Images\lemon.jpg,n,,0,0,0,2,,,,,,,,,,,,,,,,,,0,0,0,3,,,,,,,,,,,,,0,0,0,0,0,19,19,19,,,,,,,,,,,,,,,,,,,,,,,,,,,,,,,,,,,,,,,,,,,,,,,,,1060.7859581648372,1061.1859412593767,n,1,0.3504010532051325,1064.7858066190965,1065.2857471480966,,,,,,,,,,,,,,,,,,,,,,,,,,128,001,2019_Aug_08_1110,Experiment 1_July3,3.1.0,59.990039482490225,
,,,,,,,,,,0.425392481,,VisualStimulus,Flower,Lilac,Lilac,C:\Users\subic\Desktop\Experiment 1\Sounds\LILAC.wav,yes,C:\Users\subic\Desktop\Experiment 1\Images\lilac.jpg,n,,0,0,0,2,,,,,,,,,,,,,,,,,,0,0,0,3,,,,,,,,,,,,,0,0,0,0,0,20,20,20,,,,,,,,,,,,,,,,,,,,,,,,,,,,,,,,,,,,,,,,,,,,,,,,,1071.2855545459315,1071.6855732630938,n,1,0.4170135813765228,1075.3521211883053,1075.852099150885,,,,,,,,,,,,,,,,,,,,,,,,,,128,001,2019_Aug_08_1110,Experiment 1_July3,3.1.0,59.990039482490225,
,,,,,,,,,,0.900876282,,VisualStimulus,Fruit,Pear,Lavender,C:\Users\subic\Desktop\Experiment 1\Sounds\LAVENDER.wav,no,C:\Users\subic\Desktop\Experiment 1\Images\pear.jpg,m,,0,0,0,2,,,,,,,,,,,,,,,,,,0,0,0,3,,,,,,,,,,,,,0,0,0,0,0,21,21,21,,,,,,,,,,,,,,,,,,,,,,,,,,,,,,,,,,,,,,,,,,,,,,,,,1081.7852131151594,1082.1851871530525,m,1,0.4003839963115752,1085.8351393043995,1086.335053267423,,,,,,,,,,,,,,,,,,,,,,,,,,128,001,2019_Aug_08_1110,Experiment 1_July3,3.1.0,59.990039482490225,
,,,,,,,,,,0.041612807,,VisualStimulus,Flower,Lilac,Pear,C:\Users\subic\Desktop\Experiment 1\Sounds\PEAR.wav,no,C:\Users\subic\Desktop\Experiment 1\Images\lilac.jpg,m,,0,0,0,2,,,,,,,,,,,,,,,,,,0,0,0,3,,,,,,,,,,,,,0,0,0,0,0,22,22,22,,,,,,,,,,,,,,,,,,,,,,,,,,,,,,,,,,,,,,,,,,,,,,,,,1092.2848541750573,1092.684875307139,m,1,0.383831693790853,1096.3180855722167,1096.8181245150045,,,,,,,,,,,,,,,,,,,,,,,,,,128,001,2019_Aug_08_1110,Experiment 1_July3,3.1.0,59.990039482490225,
,,,,,,,,,,0.109403101,,VisualStimulus,Fruit,Lemon,Lavender,C:\Users\subic\Desktop\Experiment 1\Sounds\LAVENDER.wav,no,C:\Users\subic\Desktop\Experiment 1\Images\lemon.jpg,m,,0,0,0,2,,,,,,,,,,,,,,,,,,0,0,0,3,,,,,,,,,,,,,0,0,0,0,0,23,23,23,,,,,,,,,,,,,,,,,,,,,,,,,,,,,,,,,,,,,,,,,,,,,,,,,1102.7845302536152,1103.184538102243,m,1,0.4003526004962623,1106.8343387078494,1107.3343498776667,,,,,,,,,,,,,,,,,,,,,,,,,,128,001,2019_Aug_08_1110,Experiment 1_July3,3.1.0,59.990039482490225,
,,,,,,,,,,,,,,,,,,,,,0,0,0,2,,,,,,,,,,,,,,,,,,0,0,0,3,,,,,,,,,,,,,0,0,0,0,,,,,,,,,,,,,,,,,,,,,,,,,,,,,,,,,,,,,,,,,,,,,,,,,,,,,,,,,,,,space,7.2335127531550825,,,,,,,,,,,,,,,,,,,,,,,,128,001,2019_Aug_08_1110,Experiment 1_July3,3.1.0,59.990039482490225,
,,,,,,,,,,0.111592559,,VisualStimulus,Flower,Lilac,Lilac,C:\Users\subic\Desktop\Experiment 1\Sounds\LILAC.wav,yes,C:\Users\subic\Desktop\Experiment 1\Images\lilac.jpg,n,,0,0,0,2,,,,,,,,,,,,,,,,,,0,0,0,3,,,,,,,,,,,,,1,0,1,0,0,0,0,0,,,,,,,,,,,,,,,,,,,,,,,,,,,,,,,,,,,,,,,,,,,,,,,space,11.733317434322089,1136.4500276227482,1136.8500698860735,n,1,0.3837018837220967,1140.4832680760883,1140.983259925153,,,,,,,,,,,,,,,,,,,,,,,,,,128,001,2019_Aug_08_1110,Experiment 1_July3,3.1.0,59.990039482490225,
,,,,,,,,,,0.336311093,,VisualStimulus,Flower,Lavender,Lavender,C:\Users\subic\Desktop\Experiment 1\Sounds\LAVENDER.wav,yes,C:\Users\subic\Desktop\Experiment 1\Images\lavender.jpg,n,,0,0,0,2,,,,,,,,,,,,,,,,,,0,0,0,3,,,,,,,,,,,,,1,0,1,0,0,1,1,1,,,,,,,,,,,,,,,,,,,,,,,,,,,,,,,,,,,,,,,,,,,,,,,,,1146.949683776591,1147.3497622665018,n,1,0.40039063803851604,1150.9996407581493,1151.499540230725,,,,,,,,,,,,,,,,,,,,,,,,,,128,001,2019_Aug_08_1110,Experiment 1_July3,3.1.0,59.990039482490225,
,,,,,,,,,,0.276059375,,VisualStimulus,Flower,Lilac,Lilac,C:\Users\subic\Desktop\Experiment 1\Sounds\LILAC.wav,yes,C:\Users\subic\Desktop\Experiment 1\Images\lilac.jpg,n,,0,0,0,2,,,,,,,,,,,,,,,,,,0,0,0,3,,,,,,,,,,,,,1,0,1,0,0,2,2,2,,,,,,,,,,,,,,,,,,,,,,,,,,,,,,,,,,,,,,,,,,,,,,,,,1157.4493622700684,1157.8493592510931,n,1,0.3503986378200352,1161.4492336674593,1161.949215252418,,,,,,,,,,,,,,,,,,,,,,,,,,128,001,2019_Aug_08_1110,Experiment 1_July3,3.1.0,59.990039482490225,
,,,,,,,,,,0.579466739,,VisualStimulus,Flower,Lavender,Pear,C:\Users\subic\Desktop\Experiment 1\Sounds\PEAR.wav,no,C:\Users\subic\Desktop\Experiment 1\Images\lavender.jpg,m,,0,0,0,2,,,,,,,,,,,,,,,,,,0,0,0,3,,,,,,,,,,,,,1,0,1,0,0,3,3,3,,,,,,,,,,,,,,,,,,,,,,,,,,,,,,,,,,,,,,,,,,,,,,,,,1167.9490202353336,1168.348999707494,m,1,0.3671640707179904,1171.9655242366716,1172.465488916263,,,,,,,,,,,,,,,,,,,,,,,,,,128,001,2019_Aug_08_1110,Experiment 1_July3,3.1.0,59.990039482490225,
,,,,,,,,,,0.959017289,,VisualStimulus,Flower,Lilac,Lemon,C:\Users\subic\Desktop\Experiment 1\Sounds\LEMON.wav,no,C:\Users\subic\Desktop\Experiment 1\Images\lilac.jpg,m,,0,0,0,2,,,,,,,,,,,,,,,,,,0,0,0,3,,,,,,,,,,,,,1,0,1,0,0,4,4,4,,,,,,,,,,,,,,,,,,,,,,,,,,,,,,,,,,,,,,,,,,,,,,,,,1178.4486232576892,1178.8486860496923,m,1,0.33378776954486966,1182.4319242392667,1182.9318822775967,,,,,,,,,,,,,,,,,,,,,,,,,,128,001,2019_Aug_08_1110,Experiment 1_July3,3.1.0,59.990039482490225,
,,,,,,,,,,0.206367975,,VisualStimulus,Fruit,Lemon,Lemon,C:\Users\subic\Desktop\Experiment 1\Sounds\LEMON.wav,yes,C:\Users\subic\Desktop\Experiment 1\Images\lemon.jpg,n,,0,0,0,2,,,,,,,,,,,,,,,,,,0,0,0,3,,,,,,,,,,,,,1,0,1,0,0,5,5,5,,,,,,,,,,,,,,,,,,,,,,,,,,,,,,,,,,,,,,,,,,,,,,,,,1188.94826371409,1189.3482908834703,n,1,0.35040769446641207,1192.9481411492452,1193.4481028099544,,,,,,,,,,,,,,,,,,,,,,,,,,128,001,2019_Aug_08_1110,Experiment 1_July3,3.1.0,59.990039482490225,
,,,,,,,,,,0.712266672,,VisualStimulus,Fruit,Pear,Lemon,C:\Users\subic\Desktop\Experiment 1\Sounds\LEMON.wav,no,C:\Users\subic\Desktop\Experiment 1\Images\pear.jpg,m,,0,0,0,2,,,,,,,,,,,,,,,,,,0,0,0,3,,,,,,,,,,,,,1,0,1,0,0,6,6,6,,,,,,,,,,,,,,,,,,,,,,,,,,,,,,,,,,,,,,,,,,,,,,,,,1199.4479518677108,1199.8479615282267,m,1,0.36710792034864426,1203.464434133377,1203.964453755878,,,,,,,,,,,,,,,,,,,,,,,,,,128,001,2019_Aug_08_1110,Experiment 1_July3,3.1.0,59.990039482490225,
,,,,,,,,,,0.464705812,,VisualStimulus,Fruit,Lemon,Lilac,C:\Users\subic\Desktop\Experiment 1\Sounds\LILAC.wav,no,C:\Users\subic\Desktop\Experiment 1\Images\lemon.jpg,m,,0,0,0,2,,,,,,,,,,,,,,,,,,0,0,0,3,,,,,,,,,,,,,1,0,1,0,0,7,7,7,,,,,,,,,,,,,,,,,,,,,,,,,,,,,,,,,,,,,,,,,,,,,,,,,1209.9475512676872,1210.3475397960283,m,1,0.3670366760343313,1213.9641488529742,1214.464111117646,,,,,,,,,,,,,,,,,,,,,,,,,,128,001,2019_Aug_08_1110,Experiment 1_July3,3.1.0,59.990039482490225,
,,,,,,,,,,0.18469442,,VisualStimulus,Flower,Lavender,Lemon,C:\Users\subic\Desktop\Experiment 1\Sounds\LEMON.wav,no,C:\Users\subic\Desktop\Experiment 1\Images\lavender.jpg,m,,0,0,0,2,,,,,,,,,,,,,,,,,,0,0,0,3,,,,,,,,,,,,,1,0,1,0,0,8,8,8,,,,,,,,,,,,,,,,,,,,,,,,,,,,,,,,,,,,,,,,,,,,,,,,,1220.447197157424,1220.8471838748083,m,1,0.35038112895563245,1224.447063724976,1224.9470531591214,,,,,,,,,,,,,,,,,,,,,,,,,,128,001,2019_Aug_08_1110,Experiment 1_July3,3.1.0,59.990039482490225,
,,,,,,,,,,0.429538319,,VisualStimulus,Fruit,Lemon,Lemon,C:\Users\subic\Desktop\Experiment 1\Sounds\LEMON.wav,yes,C:\Users\subic\Desktop\Experiment 1\Images\lemon.jpg,n,,0,0,0,2,,,,,,,,,,,,,,,,,,0,0,0,3,,,,,,,,,,,,,1,0,1,0,0,9,9,9,,,,,,,,,,,,,,,,,,,,,,,,,,,,,,,,,,,,,,,,,,,,,,,,,1230.9469607821666,1231.3468490852974,n,1,0.3671199958771467,1234.9634400294162,1235.4634367087856,,,,,,,,,,,,,,,,,,,,,,,,,,128,001,2019_Aug_08_1110,Experiment 1_July3,3.1.0,59.990039482490225,
,,,,,,,,,,0.847533616,,VisualStimulus,Flower,Lavender,Lilac,C:\Users\subic\Desktop\Experiment 1\Sounds\LILAC.wav,no,C:\Users\subic\Desktop\Experiment 1\Images\lavender.jpg,m,,0,0,0,2,,,,,,,,,,,,,,,,,,0,0,0,3,,,,,,,,,,,,,1,0,1,0,0,10,10,10,,,,,,,,,,,,,,,,,,,,,,,,,,,,,,,,,,,,,,,,,,,,,,,,,1241.4465022203512,1241.8464871263131,m,1,0.4003773550502956,1245.4963933913969,1245.9964510509744,,,,,,,,,,,,,,,,,,,,,,,,,,128,001,2019_Aug_08_1110,Experiment 1_July3,3.1.0,59.990039482490225,
,,,,,,,,,,0.314152289,,VisualStimulus,Flower,Lilac,Lavender,C:\Users\subic\Desktop\Experiment 1\Sounds\LAVENDER.wav,no,C:\Users\subic\Desktop\Experiment 1\Images\lilac.jpg,m,,0,0,0,2,,,,,,,,,,,,,,,,,,0,0,0,3,,,,,,,,,,,,,1,0,1,0,0,11,11,11,,,,,,,,,,,,,,,,,,,,,,,,,,,,,,,,,,,,,,,,,,,,,,,,,1251.9461958082393,1252.346153544262,m,1,0.350089508574456,1255.9460237342864,1256.4460041117854,,,,,,,,,,,,,,,,,,,,,,,,,,128,001,2019_Aug_08_1110,Experiment 1_July3,3.1.0,59.990039482490225,
,,,,,,,,,,0.259000831,,VisualStimulus,Fruit,Pear,Pear,C:\Users\subic\Desktop\Experiment 1\Sounds\PEAR.wav,yes,C:\Users\subic\Desktop\Experiment 1\Images\pear.jpg,n,,0,0,0,2,,,,,,,,,,,,,,,,,,0,0,0,3,,,,,,,,,,,,,1,0,1,0,0,12,12,12,,,,,,,,,,,,,,,,,,,,,,,,,,,,,,,,,,,,,,,,,,,,,,,,,1262.4458936220035,1262.8458084911108,n,1,0.33364045014604926,1266.4290551333688,1266.9290681141429,,,,,,,,,,,,,,,,,,,,,,,,,,128,001,2019_Aug_08_1110,Experiment 1_July3,3.1.0,59.990039482490225,
,,,,,,,,,,0.800755209,,VisualStimulus,Flower,Lilac,Pear,C:\Users\subic\Desktop\Experiment 1\Sounds\PEAR.wav,no,C:\Users\subic\Desktop\Experiment 1\Images\lilac.jpg,m,,0,0,0,2,,,,,,,,,,,,,,,,,,0,0,0,3,,,,,,,,,,,,,1,0,1,0,0,13,13,13,,,,,,,,,,,,,,,,,,,,,,,,,,,,,,,,,,,,,,,,,,,,,,,,,1272.945468267426,1273.3454622300342,m,1,0.3503509401343763,1276.9453052501194,1277.4453212502412,,,,,,,,,,,,,,,,,,,,,,,,,,128,001,2019_Aug_08_1110,Experiment 1_July3,3.1.0,59.990039482490225,
,,,,,,,,,,0.832379321,,VisualStimulus,Fruit,Pear,Pear,C:\Users\subic\Desktop\Experiment 1\Sounds\PEAR.wav,yes,C:\Users\subic\Desktop\Experiment 1\Images\pear.jpg,n,,0,0,0,2,,,,,,,,,,,,,,,,,,0,0,0,3,,,,,,,,,,,,,1,0,1,0,0,14,14,14,,,,,,,,,,,,,,,,,,,,,,,,,,,,,,,,,,,,,,,,,,,,,,,,,1283.4450845727697,1283.8451057048514,n,1,0.3503787135705352,1287.4449432911351,1287.9449761966243,,,,,,,,,,,,,,,,,,,,,,,,,,128,001,2019_Aug_08_1110,Experiment 1_July3,3.1.0,59.990039482490225,
,,,,,,,,,,0.590182826,,VisualStimulus,Fruit,Lemon,Lemon,C:\Users\subic\Desktop\Experiment 1\Sounds\LEMON.wav,yes,C:\Users\subic\Desktop\Experiment 1\Images\lemon.jpg,n,,0,0,0,2,,,,,,,,,,,,,,,,,,0,0,0,3,,,,,,,,,,,,,1,0,1,0,0,15,15,15,,,,,,,,,,,,,,,,,,,,,,,,,,,,,,,,,,,,,,,,,,,,,,,,,1293.9490800085478,1294.3447691039182,n,1,0.300384902395308,1297.8946569543332,1298.3946258602664,,,,,,,,,,,,,,,,,,,,,,,,,,128,001,2019_Aug_08_1110,Experiment 1_July3,3.1.0,59.990039482490225,
,,,,,,,,,,0.848719833,,VisualStimulus,Flower,Lavender,Lavender,C:\Users\subic\Desktop\Experiment 1\Sounds\LAVENDER.wav,yes,C:\Users\subic\Desktop\Experiment 1\Images\lavender.jpg,n,,0,0,0,2,,,,,,,,,,,,,,,,,,0,0,0,3,,,,,,,,,,,,,1,0,1,0,0,16,16,16,,,,,,,,,,,,,,,,,,,,,,,,,,,,,,,,,,,,,,,,,,,,,,,,,1304.4444445786066,1304.8444300885312,n,1,0.3837018837220967,1308.4775920519605,1308.9775893352926,,,,,,,,,,,,,,,,,,,,,,,,,,128,001,2019_Aug_08_1110,Experiment 1_July3,3.1.0,59.990039482490225,
,,,,,,,,,,0.475087751,,VisualStimulus,Fruit,Pear,Pear,C:\Users\subic\Desktop\Experiment 1\Sounds\PEAR.wav,yes,C:\Users\subic\Desktop\Experiment 1\Images\pear.jpg,n,,0,0,0,2,,,,,,,,,,,,,,,,,,0,0,0,3,,,,,,,,,,,,,1,0,1,0,0,17,17,17,,,,,,,,,,,,,,,,,,,,,,,,,,,,,,,,,,,,,,,,,,,,,,,,,1314.9440826196223,1315.3440240542404,n,1,0.3004621844738722,1318.893960205838,1319.3939442057163,,,,,,,,,,,,,,,,,,,,,,,,,,128,001,2019_Aug_08_1110,Experiment 1_July3,3.1.0,59.990039482490225,
,,,,,,,,,,0.167760704,,VisualStimulus,Flower,Lavender,Lavender,C:\Users\subic\Desktop\Experiment 1\Sounds\LAVENDER.wav,yes,C:\Users\subic\Desktop\Experiment 1\Images\lavender.jpg,n,,0,0,0,2,,,,,,,,,,,,,,,,,,0,0,0,3,,,,,,,,,,,,,1,0,1,0,0,18,18,18,,,,,,,,,,,,,,,,,,,,,,,,,,,,,,,,,,,,,,,,,,,,,,,,,1325.443744811695,1325.843680812046,n,1,0.4170962981879711,1329.5102794542909,1330.0102598317899,,,,,,,,,,,,,,,,,,,,,,,,,,128,001,2019_Aug_08_1110,Experiment 1_July3,3.1.0,59.990039482490225,
,,,,,,,,,,0.245344217,,VisualStimulus,Flower,Lilac,Lilac,C:\Users\subic\Desktop\Experiment 1\Sounds\LILAC.wav,yes,C:\Users\subic\Desktop\Experiment 1\Images\lilac.jpg,n,,0,0,0,2,,,,,,,,,,,,,,,,,,0,0,0,3,,,,,,,,,,,,,1,0,1,0,0,19,19,19,,,,,,,,,,,,,,,,,,,,,,,,,,,,,,,,,,,,,,,,,,,,,,,,,1335.9433448151685,1336.3433448150754,n,1,0.3170724492520094,1339.909999909345,1340.409915080294,,,,,,,,,,,,,,,,,,,,,,,,,,128,001,2019_Aug_08_1110,Experiment 1_July3,3.1.0,59.990039482490225,
,,,,,,,,,,0.399005103,,VisualStimulus,Fruit,Lemon,Pear,C:\Users\subic\Desktop\Experiment 1\Sounds\PEAR.wav,no,C:\Users\subic\Desktop\Experiment 1\Images\lemon.jpg,m,,0,0,0,2,,,,,,,,,,,,,,,,,,0,0,0,3,,,,,,,,,,,,,1,0,1,0,0,20,20,20,,,,,,,,,,,,,,,,,,,,,,,,,,,,,,,,,,,,,,,,,,,,,,,,,1346.4430498746224,1346.8430257234722,m,1,0.35011728201061487,1350.4429091964848,1350.942892592866,,,,,,,,,,,,,,,,,,,,,,,,,,128,001,2019_Aug_08_1110,Experiment 1_July3,3.1.0,59.990039482490225,
,,,,,,,,,,0.280429955,,VisualStimulus,Fruit,Pear,Lilac,C:\Users\subic\Desktop\Experiment 1\Sounds\LILAC.wav,no,C:\Users\subic\Desktop\Experiment 1\Images\pear.jpg,m,,0,0,0,2,,,,,,,,,,,,,,,,,,0,0,0,3,,,,,,,,,,,,,1,0,1,0,0,21,21,21,,,,,,,,,,,,,,,,,,,,,,,,,,,,,,,,,,,,,,,,,,,,,,,,,1356.942742858082,1357.3426722176373,m,1,0.35042097698897123,1360.9424977283925,1361.4425390865654,,,,,,,,,,,,,,,,,,,,,,,,,,128,001,2019_Aug_08_1110,Experiment 1_July3,3.1.0,59.990039482490225,
,,,,,,,,,,0.813709174,,VisualStimulus,Fruit,Lemon,Lavender,C:\Users\subic\Desktop\Experiment 1\Sounds\LAVENDER.wav,no,C:\Users\subic\Desktop\Experiment 1\Images\lemon.jpg,m,,0,0,0,2,,,,,,,,,,,,,,,,,,0,0,0,3,,,,,,,,,,,,,1,0,1,0,0,22,22,22,,,,,,,,,,,,,,,,,,,,,,,,,,,,,,,,,,,,,,,,,,,,,,,,,1367.4422861076891,1367.8423211262561,m,1,0.36701373290270567,1371.458840222098,1371.9588568257168,,,,,,,,,,,,,,,,,,,,,,,,,,128,001,2019_Aug_08_1110,Experiment 1_July3,3.1.0,59.990039482490225,
,,,,,,,,,,0.903162691,,VisualStimulus,Fruit,Pear,Lavender,C:\Users\subic\Desktop\Experiment 1\Sounds\LAVENDER.wav,no,C:\Users\subic\Desktop\Experiment 1\Images\pear.jpg,m,,0,0,0,2,,,,,,,,,,,,,,,,,,0,0,0,3,,,,,,,,,,,,,1,0,1,0,0,23,23,23,,,,,,,,,,,,,,,,,,,,,,,,,,,,,,,,,,,,,,,,,,,,,,,,,1377.9419821104966,1378.3419742616825,m,1,0.35034188348799944,1381.9418462626636,1382.4418024895713,,,,,,,,,,,,,,,,,,,,,,,,,,128,001,2019_Aug_08_1110,Experiment 1_July3,3.1.0,59.990039482490225,
,,,,,,,,,,,,,,,,,,,,,0,0,0,2,,,,,,,,,,,,,,,,,,0,0,0,3,,,,,,,,,,,,,1,0,1,0,,,,,,,,,,,,,,,,,,,,,,,,,,,,,,,,,,,,,,,,,,,,,,,,,,,,,,,,,,,,space,1.8669705633074045,,,,,,,,,,,,,,,,,,,,,,,,128,001,2019_Aug_08_1110,Experiment 1_July3,3.1.0,59.990039482490225,
,,,,,,,,,,,,,,,,,,,,,0,0,0,2,,,,,,,,,,,,,,,,,,0,0,0,3,,,,,,,,,,,,,,,,,,,,,,,,,,,,,,,,,,,,,,,,,,,,,,,,,,,,,,,,,,,,,,,,,,,,,,,,,,,,,,,,,,,,,,,,,,,,,,,,,,,,,128,001,2019_Aug_08_1110,Experiment 1_July3,3.1.0,59.990039482490225,
,,,,,,,,,,0.263244177,2,OlfactoryStimulus,Fruit,Pear,Pear,C:\Users\subic\Desktop\Experiment 1\Sounds\PEAR.wav,yes,None,n,Pear,0,0,2,0,,,,,,,,,,,,,,,,,,0,1,1,2,,,,,,,,,0,0,0,0,,,,,,,,,0,0,0,0,,,,,,,,,,,,,,,,,,,,,,,,,,,,,,,,,,,,,,,,,,,,,,,,,,,,,,space,11.149947623256594,n,1,1.1170718451030552,,,,,,,,,,,,,,,,,,,128,001,2019_Aug_08_1110,Experiment 1_July3,3.1.0,59.990039482490225,
,,,,,,,,,,0.030023378,8,OlfactoryStimulus,Flower,Lavender,Pear,C:\Users\subic\Desktop\Experiment 1\Sounds\PEAR.wav,no,None,m,Lavender,0,0,2,0,,,,,,,,,,,,,,,,,,0,1,1,2,,,,,,,,,0,0,0,0,,,,,,,,,0,1,1,1,,,,,,,,,,,,,,,,,,,,,,,,,,,,,,,,,,,,,,,,,,,,,,,,,,,,,,,,m,1,1.3004030152224004,,,,,,,,,,,,,,,,,,,128,001,2019_Aug_08_1110,Experiment 1_July3,3.1.0,59.990039482490225,
,,,,,,,,,,0.445378035,4,OlfactoryStimulus,Flower,Lilac,Lavender,C:\Users\subic\Desktop\Experiment 1\Sounds\LAVENDER.wav,no,None,m,Lilac,0,0,2,0,,,,,,,,,,,,,,,,,,0,1,1,2,,,,,,,,,0,0,0,0,,,,,,,,,0,2,2,2,,,,,,,,,,,,,,,,,,,,,,,,,,,,,,,,,,,,,,,,,,,,,,,,,,,,,,,,n,0,1.6500239996239543,,,,,,,,,,,,,,,,,,,128,001,2019_Aug_08_1110,Experiment 1_July3,3.1.0,59.990039482490225,
,,,,,,,,,,0.166173162,8,OlfactoryStimulus,Flower,Lavender,Lavender,C:\Users\subic\Desktop\Experiment 1\Sounds\LAVENDER.wav,yes,None,n,Lavender,0,0,2,0,,,,,,,,,,,,,,,,,,0,1,1,2,,,,,,,,,0,0,0,0,,,,,,,,,0,3,3,3,,,,,,,,,,,,,,,,,,,,,,,,,,,,,,,,,,,,,,,,,,,,,,,,,,,,,,,,n,1,1.21706671314314,,,,,,,,,,,,,,,,,,,128,001,2019_Aug_08_1110,Experiment 1_July3,3.1.0,59.990039482490225,
,,,,,,,,,,0.137452963,4,OlfactoryStimulus,Flower,Lilac,Pear,C:\Users\subic\Desktop\Experiment 1\Sounds\PEAR.wav,no,None,m,Lilac,0,0,2,0,,,,,,,,,,,,,,,,,,0,1,1,2,,,,,,,,,0,0,0,0,,,,,,,,,0,4,4,4,,,,,,,,,,,,,,,,,,,,,,,,,,,,,,,,,,,,,,,,,,,,,,,,,,,,,,,,m,1,2.066975393332541,,,,,,,,,,,,,,,,,,,128,001,2019_Aug_08_1110,Experiment 1_July3,3.1.0,59.990039482490225,
,,,,,,,,,,0.99592182,1,OlfactoryStimulus,Fruit,Lemon,Lemon,C:\Users\subic\Desktop\Experiment 1\Sounds\LEMON.wav,yes,None,n,Lemon,0,0,2,0,,,,,,,,,,,,,,,,,,0,1,1,2,,,,,,,,,0,0,0,0,,,,,,,,,0,5,5,5,,,,,,,,,,,,,,,,,,,,,,,,,,,,,,,,,,,,,,,,,,,,,,,,,,,,,,,,n,1,1.0836979588493705,,,,,,,,,,,,,,,,,,,128,001,2019_Aug_08_1110,Experiment 1_July3,3.1.0,59.990039482490225,
,,,,,,,,,,0.368748025,4,OlfactoryStimulus,Flower,Lilac,Lilac,C:\Users\subic\Desktop\Experiment 1\Sounds\LILAC.wav,yes,None,n,Lilac,0,0,2,0,,,,,,,,,,,,,,,,,,0,1,1,2,,,,,,,,,0,0,0,0,,,,,,,,,0,6,6,6,,,,,,,,,,,,,,,,,,,,,,,,,,,,,,,,,,,,,,,,,,,,,,,,,,,,,,,,n,1,1.250320449937135,,,,,,,,,,,,,,,,,,,128,001,2019_Aug_08_1110,Experiment 1_July3,3.1.0,59.990039482490225,
,,,,,,,,,,0.892561349,2,OlfactoryStimulus,Fruit,Pear,Lemon,C:\Users\subic\Desktop\Experiment 1\Sounds\LEMON.wav,no,None,m,Pear,0,0,2,0,,,,,,,,,,,,,,,,,,0,1,1,2,,,,,,,,,0,0,0,0,,,,,,,,,0,7,7,7,,,,,,,,,,,,,,,,,,,,,,,,,,,,,,,,,,,,,,,,,,,,,,,,,,,,,,,,m,1,1.1503642234019935,,,,,,,,,,,,,,,,,,,128,001,2019_Aug_08_1110,Experiment 1_July3,3.1.0,59.990039482490225,
,,,,,,,,,,0.00576939,4,OlfactoryStimulus,Flower,Lilac,Lilac,C:\Users\subic\Desktop\Experiment 1\Sounds\LILAC.wav,yes,None,n,Lilac,0,0,2,0,,,,,,,,,,,,,,,,,,0,1,1,2,,,,,,,,,0,0,0,0,,,,,,,,,0,8,8,8,,,,,,,,,,,,,,,,,,,,,,,,,,,,,,,,,,,,,,,,,,,,,,,,,,,,,,,,n,1,1.2336552422493696,,,,,,,,,,,,,,,,,,,128,001,2019_Aug_08_1110,Experiment 1_July3,3.1.0,59.990039482490225,
,,,,,,,,,,0.615547666,8,OlfactoryStimulus,Flower,Lavender,Lilac,C:\Users\subic\Desktop\Experiment 1\Sounds\LILAC.wav,no,None,m,Lavender,0,0,2,0,,,,,,,,,,,,,,,,,,0,1,1,2,,,,,,,,,0,0,0,0,,,,,,,,,0,9,9,9,,,,,,,,,,,,,,,,,,,,,,,,,,,,,,,,,,,,,,,,,,,,,,,,,,,,,,,,m,1,0.9503382612019777,,,,,,,,,,,,,,,,,,,128,001,2019_Aug_08_1110,Experiment 1_July3,3.1.0,59.990039482490225,
,,,,,,,,,,0.206250769,2,OlfactoryStimulus,Fruit,Pear,Pear,C:\Users\subic\Desktop\Experiment 1\Sounds\PEAR.wav,yes,None,n,Pear,0,0,2,0,,,,,,,,,,,,,,,,,,0,1,1,2,,,,,,,,,0,0,0,0,,,,,,,,,0,10,10,10,,,,,,,,,,,,,,,,,,,,,,,,,,,,,,,,,,,,,,,,,,,,,,,,,,,,,,,,m,0,1.3503775061108172,,,,,,,,,,,,,,,,,,,128,001,2019_Aug_08_1110,Experiment 1_July3,3.1.0,59.990039482490225,
,,,,,,,,,,0.492507651,4,OlfactoryStimulus,Flower,Lilac,Lilac,C:\Users\subic\Desktop\Experiment 1\Sounds\LILAC.wav,yes,None,n,Lilac,0,0,2,0,,,,,,,,,,,,,,,,,,0,1,1,2,,,,,,,,,0,0,0,0,,,,,,,,,0,11,11,11,,,,,,,,,,,,,,,,,,,,,,,,,,,,,,,,,,,,,,,,,,,,,,,,,,,,,,,,n,1,0.8504357696510851,,,,,,,,,,,,,,,,,,,128,001,2019_Aug_08_1110,Experiment 1_July3,3.1.0,59.990039482490225,
,,,,,,,,,,0.70649481,8,OlfactoryStimulus,Flower,Lavender,Lavender,C:\Users\subic\Desktop\Experiment 1\Sounds\LAVENDER.wav,yes,None,n,Lavender,0,0,2,0,,,,,,,,,,,,,,,,,,0,1,1,2,,,,,,,,,0,0,0,0,,,,,,,,,0,12,12,12,,,,,,,,,,,,,,,,,,,,,,,,,,,,,,,,,,,,,,,,,,,,,,,,,,,,,,,,n,1,0.8171868631616235,,,,,,,,,,,,,,,,,,,128,001,2019_Aug_08_1110,Experiment 1_July3,3.1.0,59.990039482490225,
,,,,,,,,,,0.681236732,2,OlfactoryStimulus,Fruit,Pear,Pear,C:\Users\subic\Desktop\Experiment 1\Sounds\PEAR.wav,yes,None,n,Pear,0,0,2,0,,,,,,,,,,,,,,,,,,0,1,1,2,,,,,,,,,0,0,0,0,,,,,,,,,0,13,13,13,,,,,,,,,,,,,,,,,,,,,,,,,,,,,,,,,,,,,,,,,,,,,,,,,,,,,,,,n,1,0.9670282234437764,,,,,,,,,,,,,,,,,,,128,001,2019_Aug_08_1110,Experiment 1_July3,3.1.0,59.990039482490225,
,,,,,,,,,,0.839827961,1,OlfactoryStimulus,Fruit,Lemon,Lemon,C:\Users\subic\Desktop\Experiment 1\Sounds\LEMON.wav,yes,None,n,Lemon,0,0,2,0,,,,,,,,,,,,,,,,,,0,1,1,2,,,,,,,,,0,0,0,0,,,,,,,,,0,14,14,14,,,,,,,,,,,,,,,,,,,,,,,,,,,,,,,,,,,,,,,,,,,,,,,,,,,,,,,,n,1,0.9503491288051009,,,,,,,,,,,,,,,,,,,128,001,2019_Aug_08_1110,Experiment 1_July3,3.1.0,59.990039482490225,
,,,,,,,,,,0.276133602,4,OlfactoryStimulus,Flower,Lilac,Lemon,C:\Users\subic\Desktop\Experiment 1\Sounds\LEMON.wav,no,None,m,Lilac,0,0,2,0,,,,,,,,,,,,,,,,,,0,1,1,2,,,,,,,,,0,0,0,0,,,,,,,,,0,15,15,15,,,,,,,,,,,,,,,,,,,,,,,,,,,,,,,,,,,,,,,,,,,,,,,,,,,,,,,,m,1,1.0836792420595884,,,,,,,,,,,,,,,,,,,128,001,2019_Aug_08_1110,Experiment 1_July3,3.1.0,59.990039482490225,
,,,,,,,,,,0.618413522,1,OlfactoryStimulus,Fruit,Lemon,Lemon,C:\Users\subic\Desktop\Experiment 1\Sounds\LEMON.wav,yes,None,n,Lemon,0,0,2,0,,,,,,,,,,,,,,,,,,0,1,1,2,,,,,,,,,0,0,0,0,,,,,,,,,0,16,16,16,,,,,,,,,,,,,,,,,,,,,,,,,,,,,,,,,,,,,,,,,,,,,,,,,,,,,,,,n,1,1.0003990903496742,,,,,,,,,,,,,,,,,,,128,001,2019_Aug_08_1110,Experiment 1_July3,3.1.0,59.990039482490225,
,,,,,,,,,,0.958883918,8,OlfactoryStimulus,Flower,Lavender,Lavender,C:\Users\subic\Desktop\Experiment 1\Sounds\LAVENDER.wav,yes,None,n,Lavender,0,0,2,0,,,,,,,,,,,,,,,,,,0,1,1,2,,,,,,,,,0,0,0,0,,,,,,,,,0,17,17,17,,,,,,,,,,,,,,,,,,,,,,,,,,,,,,,,,,,,,,,,,,,,,,,,,,,,,,,,n,1,0.9670246005989611,,,,,,,,,,,,,,,,,,,128,001,2019_Aug_08_1110,Experiment 1_July3,3.1.0,59.990039482490225,
,,,,,,,,,,0.235346435,1,OlfactoryStimulus,Fruit,Lemon,Lilac,C:\Users\subic\Desktop\Experiment 1\Sounds\LILAC.wav,no,None,m,Lemon,0,0,2,0,,,,,,,,,,,,,,,,,,0,1,1,2,,,,,,,,,0,0,0,0,,,,,,,,,0,18,18,18,,,,,,,,,,,,,,,,,,,,,,,,,,,,,,,,,,,,,,,,,,,,,,,,,,,,,,,,m,1,1.2336866385303438,,,,,,,,,,,,,,,,,,,128,001,2019_Aug_08_1110,Experiment 1_July3,3.1.0,59.990039482490225,
,,,,,,,,,,0.363414073,2,OlfactoryStimulus,Fruit,Pear,Lavender,C:\Users\subic\Desktop\Experiment 1\Sounds\LAVENDER.wav,no,None,m,Pear,0,0,2,0,,,,,,,,,,,,,,,,,,0,1,1,2,,,,,,,,,0,0,0,0,,,,,,,,,0,19,19,19,,,,,,,,,,,,,,,,,,,,,,,,,,,,,,,,,,,,,,,,,,,,,,,,,,,,,,,,m,1,1.3000661130063236,,,,,,,,,,,,,,,,,,,128,001,2019_Aug_08_1110,Experiment 1_July3,3.1.0,59.990039482490225,
,,,,,,,,,,0.157841042,1,OlfactoryStimulus,Fruit,Lemon,Pear,C:\Users\subic\Desktop\Experiment 1\Sounds\PEAR.wav,no,None,m,Lemon,0,0,2,0,,,,,,,,,,,,,,,,,,0,1,1,2,,,,,,,,,0,0,0,0,,,,,,,,,0,20,20,20,,,,,,,,,,,,,,,,,,,,,,,,,,,,,,,,,,,,,,,,,,,,,,,,,,,,,,,,m,1,0.9170839209109545,,,,,,,,,,,,,,,,,,,128,001,2019_Aug_08_1110,Experiment 1_July3,3.1.0,59.990039482490225,
,,,,,,,,,,0.277506601,8,OlfactoryStimulus,Flower,Lavender,Lemon,C:\Users\subic\Desktop\Experiment 1\Sounds\LEMON.wav,no,None,m,Lavender,0,0,2,0,,,,,,,,,,,,,,,,,,0,1,1,2,,,,,,,,,0,0,0,0,,,,,,,,,0,21,21,21,,,,,,,,,,,,,,,,,,,,,,,,,,,,,,,,,,,,,,,,,,,,,,,,,,,,,,,,m,1,1.133710487280041,,,,,,,,,,,,,,,,,,,128,001,2019_Aug_08_1110,Experiment 1_July3,3.1.0,59.990039482490225,
,,,,,,,,,,0.634834683,1,OlfactoryStimulus,Fruit,Lemon,Lavender,C:\Users\subic\Desktop\Experiment 1\Sounds\LAVENDER.wav,no,None,m,Lemon,0,0,2,0,,,,,,,,,,,,,,,,,,0,1,1,2,,,,,,,,,0,0,0,0,,,,,,,,,0,22,22,22,,,,,,,,,,,,,,,,,,,,,,,,,,,,,,,,,,,,,,,,,,,,,,,,,,,,,,,,m,1,1.2336051296442747,,,,,,,,,,,,,,,,,,,128,001,2019_Aug_08_1110,Experiment 1_July3,3.1.0,59.990039482490225,
,,,,,,,,,,0.865766295,2,OlfactoryStimulus,Fruit,Pear,Lilac,C:\Users\subic\Desktop\Experiment 1\Sounds\LILAC.wav,no,None,m,Pear,0,0,2,0,,,,,,,,,,,,,,,,,,0,1,1,2,,,,,,,,,0,0,0,0,,,,,,,,,0,23,23,23,,,,,,,,,,,,,,,,,,,,,,,,,,,,,,,,,,,,,,,,,,,,,,,,,,,,,,,,n,0,0.9337267889641225,,,,,,,,,,,,,,,,,,,128,001,2019_Aug_08_1110,Experiment 1_July3,3.1.0,59.990039482490225,
,,,,,,,,,,,,,,,,,,,,,0,0,2,0,,,,,,,,,,,,,,,,,,0,1,1,2,,,,,,,,,0,0,0,0,,,,,,,,,,,,,,,,,,,,,,,,,,,,,,,,,,,,,,,,,,,,,,,,,,,,,,,,,,,,,,,,,,,,,,,space,2.5838854289613664,,,,,,,,,,,,,,,,,128,001,2019_Aug_08_1110,Experiment 1_July3,3.1.0,59.990039482490225,
,,,,,,,,,,0.015313995,8,OlfactoryStimulus,Flower,Lavender,Lilac,C:\Users\subic\Desktop\Experiment 1\Sounds\LILAC.wav,no,None,m,Lavender,0,0,2,0,,,,,,,,,,,,,,,,,,0,1,1,2,,,,,,,,,1,0,1,0,,,,,,,,,0,0,0,0,,,,,,,,,,,,,,,,,,,,,,,,,,,,,,,,,,,,,,,,,,,,,,,,,,,,,,space,5.616913959849626,n,0,1.4003133554942906,,,,,,,,,,,,,,,,,,,128,001,2019_Aug_08_1110,Experiment 1_July3,3.1.0,59.990039482490225,
,,,,,,,,,,0.657368638,4,OlfactoryStimulus,Flower,Lilac,Lilac,C:\Users\subic\Desktop\Experiment 1\Sounds\LILAC.wav,yes,None,n,Lilac,0,0,2,0,,,,,,,,,,,,,,,,,,0,1,1,2,,,,,,,,,1,0,1,0,,,,,,,,,0,1,1,1,,,,,,,,,,,,,,,,,,,,,,,,,,,,,,,,,,,,,,,,,,,,,,,,,,,,,,,,n,1,1.0836985628120601,,,,,,,,,,,,,,,,,,,128,001,2019_Aug_08_1110,Experiment 1_July3,3.1.0,59.990039482490225,
,,,,,,,,,,0.686428752,8,OlfactoryStimulus,Flower,Lavender,Lavender,C:\Users\subic\Desktop\Experiment 1\Sounds\LAVENDER.wav,yes,None,n,Lavender,0,0,2,0,,,,,,,,,,,,,,,,,,0,1,1,2,,,,,,,,,1,0,1,0,,,,,,,,,0,2,2,2,,,,,,,,,,,,,,,,,,,,,,,,,,,,,,,,,,,,,,,,,,,,,,,,,,,,,,,,n,1,1.167010109871626,,,,,,,,,,,,,,,,,,,128,001,2019_Aug_08_1110,Experiment 1_July3,3.1.0,59.990039482490225,
,,,,,,,,,,0.181334673,1,OlfactoryStimulus,Fruit,Lemon,Lemon,C:\Users\subic\Desktop\Experiment 1\Sounds\LEMON.wav,yes,None,n,Lemon,0,0,2,0,,,,,,,,,,,,,,,,,,0,1,1,2,,,,,,,,,1,0,1,0,,,,,,,,,0,3,3,3,,,,,,,,,,,,,,,,,,,,,,,,,,,,,,,,,,,,,,,,,,,,,,,,,,,,,,,,n,1,1.2837033933028579,,,,,,,,,,,,,,,,,,,128,001,2019_Aug_08_1110,Experiment 1_July3,3.1.0,59.990039482490225,
,,,,,,,,,,0.777323179,2,OlfactoryStimulus,Fruit,Pear,Pear,C:\Users\subic\Desktop\Experiment 1\Sounds\PEAR.wav,yes,None,n,Pear,0,0,2,0,,,,,,,,,,,,,,,,,,0,1,1,2,,,,,,,,,1,0,1,0,,,,,,,,,0,4,4,4,,,,,,,,,,,,,,,,,,,,,,,,,,,,,,,,,,,,,,,,,,,,,,,,,,,,,,,,n,1,1.1170428646728396,,,,,,,,,,,,,,,,,,,128,001,2019_Aug_08_1110,Experiment 1_July3,3.1.0,59.990039482490225,
,,,,,,,,,,0.651433998,8,OlfactoryStimulus,Flower,Lavender,Lemon,C:\Users\subic\Desktop\Experiment 1\Sounds\LEMON.wav,no,None,m,Lavender,0,0,2,0,,,,,,,,,,,,,,,,,,0,1,1,2,,,,,,,,,1,0,1,0,,,,,,,,,0,5,5,5,,,,,,,,,,,,,,,,,,,,,,,,,,,,,,,,,,,,,,,,,,,,,,,,,,,,,,,,m,1,1.4837565245106816,,,,,,,,,,,,,,,,,,,128,001,2019_Aug_08_1110,Experiment 1_July3,3.1.0,59.990039482490225,
,,,,,,,,,,0.442750047,1,OlfactoryStimulus,Fruit,Lemon,Lemon,C:\Users\subic\Desktop\Experiment 1\Sounds\LEMON.wav,yes,None,n,Lemon,0,0,2,0,,,,,,,,,,,,,,,,,,0,1,1,2,,,,,,,,,1,0,1,0,,,,,,,,,0,6,6,6,,,,,,,,,,,,,,,,,,,,,,,,,,,,,,,,,,,,,,,,,,,,,,,,,,,,,,,,n,1,1.3170495056547225,,,,,,,,,,,,,,,,,,,128,001,2019_Aug_08_1110,Experiment 1_July3,3.1.0,59.990039482490225,
,,,,,,,,,,0.360002717,8,OlfactoryStimulus,Flower,Lavender,Lavender,C:\Users\subic\Desktop\Experiment 1\Sounds\LAVENDER.wav,yes,None,n,Lavender,0,0,2,0,,,,,,,,,,,,,,,,,,0,1,1,2,,,,,,,,,1,0,1,0,,,,,,,,,0,7,7,7,,,,,,,,,,,,,,,,,,,,,,,,,,,,,,,,,,,,,,,,,,,,,,,,,,,,,,,,m,0,1.5169112426228821,,,,,,,,,,,,,,,,,,,128,001,2019_Aug_08_1110,Experiment 1_July3,3.1.0,59.990039482490225,
,,,,,,,,,,0.84454288,2,OlfactoryStimulus,Fruit,Pear,Lemon,C:\Users\subic\Desktop\Experiment 1\Sounds\LEMON.wav,no,None,m,Pear,0,0,2,0,,,,,,,,,,,,,,,,,,0,1,1,2,,,,,,,,,1,0,1,0,,,,,,,,,0,8,8,8,,,,,,,,,,,,,,,,,,,,,,,,,,,,,,,,,,,,,,,,,,,,,,,,,,,,,,,,m,1,1.533699015621096,,,,,,,,,,,,,,,,,,,128,001,2019_Aug_08_1110,Experiment 1_July3,3.1.0,59.990039482490225,
,,,,,,,,,,0.531582217,8,OlfactoryStimulus,Flower,Lavender,Pear,C:\Users\subic\Desktop\Experiment 1\Sounds\PEAR.wav,no,None,m,Lavender,0,0,2,0,,,,,,,,,,,,,,,,,,0,1,1,2,,,,,,,,,1,0,1,0,,,,,,,,,0,9,9,9,,,,,,,,,,,,,,,,,,,,,,,,,,,,,,,,,,,,,,,,,,,,,,,,,,,,,,,,m,1,1.6337234685197473,,,,,,,,,,,,,,,,,,,128,001,2019_Aug_08_1110,Experiment 1_July3,3.1.0,59.990039482490225,
,,,,,,,,,,0.017816455,4,OlfactoryStimulus,Flower,Lilac,Lilac,C:\Users\subic\Desktop\Experiment 1\Sounds\LILAC.wav,yes,None,n,Lilac,0,0,2,0,,,,,,,,,,,,,,,,,,0,1,1,2,,,,,,,,,1,0,1,0,,,,,,,,,0,10,10,10,,,,,,,,,,,,,,,,,,,,,,,,,,,,,,,,,,,,,,,,,,,,,,,,,,,,,,,,n,1,1.4336999212391675,,,,,,,,,,,,,,,,,,,128,001,2019_Aug_08_1110,Experiment 1_July3,3.1.0,59.990039482490225,
,,,,,,,,,,0.092498541,1,OlfactoryStimulus,Fruit,Lemon,Lemon,C:\Users\subic\Desktop\Experiment 1\Sounds\LEMON.wav,yes,None,n,Lemon,0,0,2,0,,,,,,,,,,,,,,,,,,0,1,1,2,,,,,,,,,1,0,1,0,,,,,,,,,0,11,11,11,,,,,,,,,,,,,,,,,,,,,,,,,,,,,,,,,,,,,,,,,,,,,,,,,,,,,,,,n,1,0.9503418835811317,,,,,,,,,,,,,,,,,,,128,001,2019_Aug_08_1110,Experiment 1_July3,3.1.0,59.990039482490225,
,,,,,,,,,,0.782023368,4,OlfactoryStimulus,Flower,Lilac,Lilac,C:\Users\subic\Desktop\Experiment 1\Sounds\LILAC.wav,yes,None,n,Lilac,0,0,2,0,,,,,,,,,,,,,,,,,,0,1,1,2,,,,,,,,,1,0,1,0,,,,,,,,,0,12,12,12,,,,,,,,,,,,,,,,,,,,,,,,,,,,,,,,,,,,,,,,,,,,,,,,,,,,,,,,n,1,1.3336567520163953,,,,,,,,,,,,,,,,,,,128,001,2019_Aug_08_1110,Experiment 1_July3,3.1.0,59.990039482490225,
,,,,,,,,,,0.225935378,2,OlfactoryStimulus,Fruit,Pear,Pear,C:\Users\subic\Desktop\Experiment 1\Sounds\PEAR.wav,yes,None,n,Pear,0,0,2,0,,,,,,,,,,,,,,,,,,0,1,1,2,,,,,,,,,1,0,1,0,,,,,,,,,0,13,13,13,,,,,,,,,,,,,,,,,,,,,,,,,,,,,,,,,,,,,,,,,,,,,,,,,,,,,,,,n,1,0.9006741070188582,,,,,,,,,,,,,,,,,,,128,001,2019_Aug_08_1110,Experiment 1_July3,3.1.0,59.990039482490225,
,,,,,,,,,,0.895508262,8,OlfactoryStimulus,Flower,Lavender,Lavender,C:\Users\subic\Desktop\Experiment 1\Sounds\LAVENDER.wav,yes,None,n,Lavender,0,0,2,0,,,,,,,,,,,,,,,,,,0,1,1,2,,,,,,,,,1,0,1,0,,,,,,,,,0,14,14,14,,,,,,,,,,,,,,,,,,,,,,,,,,,,,,,,,,,,,,,,,,,,,,,,,,,,,,,,n,1,1.1337135056965053,,,,,,,,,,,,,,,,,,,128,001,2019_Aug_08_1110,Experiment 1_July3,3.1.0,59.990039482490225,
,,,,,,,,,,0.397704221,4,OlfactoryStimulus,Flower,Lilac,Lavender,C:\Users\subic\Desktop\Experiment 1\Sounds\LAVENDER.wav,no,None,m,Lilac,0,0,2,0,,,,,,,,,,,,,,,,,,0,1,1,2,,,,,,,,,1,0,1,0,,,,,,,,,0,15,15,15,,,,,,,,,,,,,,,,,,,,,,,,,,,,,,,,,,,,,,,,,,,,,,,,,,,,,,,,m,1,1.2004280714318156,,,,,,,,,,,,,,,,,,,128,001,2019_Aug_08_1110,Experiment 1_July3,3.1.0,59.990039482490225,
,,,,,,,,,,0.590677895,2,OlfactoryStimulus,Fruit,Pear,Lilac,C:\Users\subic\Desktop\Experiment 1\Sounds\LILAC.wav,no,None,m,Pear,0,0,2,0,,,,,,,,,,,,,,,,,,0,1,1,2,,,,,,,,,1,0,1,0,,,,,,,,,0,16,16,16,,,,,,,,,,,,,,,,,,,,,,,,,,,,,,,,,,,,,,,,,,,,,,,,,,,,,,,,m,1,1.283725732471794,,,,,,,,,,,,,,,,,,,128,001,2019_Aug_08_1110,Experiment 1_July3,3.1.0,59.990039482490225,
,,,,,,,,,,0.410698969,1,OlfactoryStimulus,Fruit,Lemon,Pear,C:\Users\subic\Desktop\Experiment 1\Sounds\PEAR.wav,no,None,m,Lemon,0,0,2,0,,,,,,,,,,,,,,,,,,0,1,1,2,,,,,,,,,1,0,1,0,,,,,,,,,0,17,17,17,,,,,,,,,,,,,,,,,,,,,,,,,,,,,,,,,,,,,,,,,,,,,,,,,,,,,,,,m,1,1.267009808216244,,,,,,,,,,,,,,,,,,,128,001,2019_Aug_08_1110,Experiment 1_July3,3.1.0,59.990039482490225,
,,,,,,,,,,0.228563213,4,OlfactoryStimulus,Flower,Lilac,Lemon,C:\Users\subic\Desktop\Experiment 1\Sounds\LEMON.wav,no,None,m,Lilac,0,0,2,0,,,,,,,,,,,,,,,,,,0,1,1,2,,,,,,,,,1,0,1,0,,,,,,,,,0,18,18,18,,,,,,,,,,,,,,,,,,,,,,,,,,,,,,,,,,,,,,,,,,,,,,,,,,,,,,,,m,1,1.1170482984744012,,,,,,,,,,,,,,,,,,,128,001,2019_Aug_08_1110,Experiment 1_July3,3.1.0,59.990039482490225,
,,,,,,,,,,0.591133083,2,OlfactoryStimulus,Fruit,Pear,Lavender,C:\Users\subic\Desktop\Experiment 1\Sounds\LAVENDER.wav,no,None,m,Pear,0,0,2,0,,,,,,,,,,,,,,,,,,0,1,1,2,,,,,,,,,1,0,1,0,,,,,,,,,0,19,19,19,,,,,,,,,,,,,,,,,,,,,,,,,,,,,,,,,,,,,,,,,,,,,,,,,,,,,,,,m,1,1.0504128262400627,,,,,,,,,,,,,,,,,,,128,001,2019_Aug_08_1110,Experiment 1_July3,3.1.0,59.990039482490225,
,,,,,,,,,,0.173499878,1,OlfactoryStimulus,Fruit,Lemon,Lilac,C:\Users\subic\Desktop\Experiment 1\Sounds\LILAC.wav,no,None,m,Lemon,0,0,2,0,,,,,,,,,,,,,,,,,,0,1,1,2,,,,,,,,,1,0,1,0,,,,,,,,,0,20,20,20,,,,,,,,,,,,,,,,,,,,,,,,,,,,,,,,,,,,,,,,,,,,,,,,,,,,,,,,m,1,1.1504028644412756,,,,,,,,,,,,,,,,,,,128,001,2019_Aug_08_1110,Experiment 1_July3,3.1.0,59.990039482490225,
,,,,,,,,,,0.858198124,4,OlfactoryStimulus,Flower,Lilac,Pear,C:\Users\subic\Desktop\Experiment 1\Sounds\PEAR.wav,no,None,m,Lilac,0,0,2,0,,,,,,,,,,,,,,,,,,0,1,1,2,,,,,,,,,1,0,1,0,,,,,,,,,0,21,21,21,,,,,,,,,,,,,,,,,,,,,,,,,,,,,,,,,,,,,,,,,,,,,,,,,,,,,,,,m,1,1.3504010527394712,,,,,,,,,,,,,,,,,,,128,001,2019_Aug_08_1110,Experiment 1_July3,3.1.0,59.990039482490225,
,,,,,,,,,,0.818950314,2,OlfactoryStimulus,Fruit,Pear,Pear,C:\Users\subic\Desktop\Experiment 1\Sounds\PEAR.wav,yes,None,n,Pear,0,0,2,0,,,,,,,,,,,,,,,,,,0,1,1,2,,,,,,,,,1,0,1,0,,,,,,,,,0,22,22,22,,,,,,,,,,,,,,,,,,,,,,,,,,,,,,,,,,,,,,,,,,,,,,,,,,,,,,,,n,1,1.0669675446115434,,,,,,,,,,,,,,,,,,,128,001,2019_Aug_08_1110,Experiment 1_July3,3.1.0,59.990039482490225,
,,,,,,,,,,0.627069744,1,OlfactoryStimulus,Fruit,Lemon,Lavender,C:\Users\subic\Desktop\Experiment 1\Sounds\LAVENDER.wav,no,None,m,Lemon,0,0,2,0,,,,,,,,,,,,,,,,,,0,1,1,2,,,,,,,,,1,0,1,0,,,,,,,,,0,23,23,23,,,,,,,,,,,,,,,,,,,,,,,,,,,,,,,,,,,,,,,,,,,,,,,,,,,,,,,,m,1,1.5502881482243538,,,,,,,,,,,,,,,,,,,128,001,2019_Aug_08_1110,Experiment 1_July3,3.1.0,59.990039482490225,
,,,,,,,,,,,,,,,,,,,,,0,0,2,0,,,,,,,,,,,,,,,,,,0,1,1,2,,,,,,,,,1,0,1,0,,,,,,,,,,,,,,,,,,,,,,,,,,,,,,,,,,,,,,,,,,,,,,,,,,,,,,,,,,,,,,,,,,,,,,,space,1.3003601478412747,,,,,,,,,,,,,,,,,128,001,2019_Aug_08_1110,Experiment 1_July3,3.1.0,59.990039482490225,
,,,,,,,,,,,,,,,,,,,,,0,0,2,0,,,,,,,,,,,,,,,,,,0,1,1,2,,,,,,,,,,,,,,,,,,,,,,,,,,,,,,,,,,,,,,,,,,,,,,,,,,,,,,,,,,,,,,,,,,,,,,,,,,,,,,,,,,,,,,,,,,,,,,,,,,,,,128,001,2019_Aug_08_1110,Experiment 1_July3,3.1.0,59.990039482490225,
,,,,,,,,,,0.928178542,,VisualCategory,Fruit,Pear,Flower,C:\Users\subic\Desktop\Experiment 1\Sounds\FLOWER.wav,no,C:\Users\subic\Desktop\Experiment 1\Images\pear.jpg,m,,2,0,0,0,,,,,,,,,,,,,,,,,,0,2,2,0,0,0,0,0,,,,,,,,,,,,,,,,,,,,,0,0,0,0,,,,,,,,,,,,,,,,,,,,,,,,,,,,,,,,,,,,,,,,,,,,,,,,,,,,,,,,,space,14.449683474376798,m,1,0.7837302605621517,,,,,,,,,,,,128,001,2019_Aug_08_1110,Experiment 1_July3,3.1.0,59.990039482490225,
,,,,,,,,,,0.201982852,,VisualCategory,Fruit,Lemon,Fruit,C:\Users\subic\Desktop\Experiment 1\Sounds\FRUIT.wav,yes,C:\Users\subic\Desktop\Experiment 1\Images\lemon.jpg,n,,2,0,0,0,,,,,,,,,,,,,,,,,,0,2,2,0,0,0,0,0,,,,,,,,,,,,,,,,,,,,,0,1,1,1,,,,,,,,,,,,,,,,,,,,,,,,,,,,,,,,,,,,,,,,,,,,,,,,,,,,,,,,,,,n,1,0.5504632410593331,,,,,,,,,,,,128,001,2019_Aug_08_1110,Experiment 1_July3,3.1.0,59.990039482490225,
,,,,,,,,,,0.224411753,,VisualCategory,Flower,Lilac,Fruit,C:\Users\subic\Desktop\Experiment 1\Sounds\FRUIT.wav,no,C:\Users\subic\Desktop\Experiment 1\Images\lilac.jpg,m,,2,0,0,0,,,,,,,,,,,,,,,,,,0,2,2,0,0,0,0,0,,,,,,,,,,,,,,,,,,,,,0,2,2,2,,,,,,,,,,,,,,,,,,,,,,,,,,,,,,,,,,,,,,,,,,,,,,,,,,,,,,,,,,,m,1,0.35038656275719404,,,,,,,,,,,,128,001,2019_Aug_08_1110,Experiment 1_July3,3.1.0,59.990039482490225,
,,,,,,,,,,0.850941965,,VisualCategory,Flower,Lavender,Flower,C:\Users\subic\Desktop\Experiment 1\Sounds\FLOWER.wav,yes,C:\Users\subic\Desktop\Experiment 1\Images\lavender.jpg,n,,2,0,0,0,,,,,,,,,,,,,,,,,,0,2,2,0,0,0,0,0,,,,,,,,,,,,,,,,,,,,,0,3,3,3,,,,,,,,,,,,,,,,,,,,,,,,,,,,,,,,,,,,,,,,,,,,,,,,,,,,,,,,,,,n,1,0.5170398456975818,,,,,,,,,,,,128,001,2019_Aug_08_1110,Experiment 1_July3,3.1.0,59.990039482490225,
,,,,,,,,,,0.420148463,,VisualCategory,Flower,Lilac,Flower,C:\Users\subic\Desktop\Experiment 1\Sounds\FLOWER.wav,yes,C:\Users\subic\Desktop\Experiment 1\Images\lilac.jpg,n,,2,0,0,0,,,,,,,,,,,,,,,,,,0,2,2,0,0,0,0,0,,,,,,,,,,,,,,,,,,,,,0,4,4,4,,,,,,,,,,,,,,,,,,,,,,,,,,,,,,,,,,,,,,,,,,,,,,,,,,,,,,,,,,,n,1,0.40037916600704193,,,,,,,,,,,,128,001,2019_Aug_08_1110,Experiment 1_July3,3.1.0,59.990039482490225,
,,,,,,,,,,0.174067421,,VisualCategory,Flower,Lavender,Flower,C:\Users\subic\Desktop\Experiment 1\Sounds\FLOWER.wav,yes,C:\Users\subic\Desktop\Experiment 1\Images\lavender.jpg,n,,2,0,0,0,,,,,,,,,,,,,,,,,,0,2,2,0,0,0,0,0,,,,,,,,,,,,,,,,,,,,,0,5,5,5,,,,,,,,,,,,,,,,,,,,,,,,,,,,,,,,,,,,,,,,,,,,,,,,,,,,,,,,,,,n,1,0.38370550610125065,,,,,,,,,,,,128,001,2019_Aug_08_1110,Experiment 1_July3,3.1.0,59.990039482490225,
,,,,,,,,,,0.897015938,,VisualCategory,Fruit,Lemon,Flower,C:\Users\subic\Desktop\Experiment 1\Sounds\FLOWER.wav,no,C:\Users\subic\Desktop\Experiment 1\Images\lemon.jpg,m,,2,0,0,0,,,,,,,,,,,,,,,,,,0,2,2,0,0,0,0,0,,,,,,,,,,,,,,,,,,,,,0,6,6,6,,,,,,,,,,,,,,,,,,,,,,,,,,,,,,,,,,,,,,,,,,,,,,,,,,,,,,,,,,,m,1,0.41694414848461747,,,,,,,,,,,,128,001,2019_Aug_08_1110,Experiment 1_July3,3.1.0,59.990039482490225,
,,,,,,,,,,0.226035636,,VisualCategory,Fruit,Pear,Fruit,C:\Users\subic\Desktop\Experiment 1\Sounds\FRUIT.wav,yes,C:\Users\subic\Desktop\Experiment 1\Images\pear.jpg,n,,2,0,0,0,,,,,,,,,,,,,,,,,,0,2,2,0,0,0,0,0,,,,,,,,,,,,,,,,,,,,,0,7,7,7,,,,,,,,,,,,,,,,,,,,,,,,,,,,,,,,,,,,,,,,,,,,,,,,,,,,,,,,,,,n,1,0.3336827140301466,,,,,,,,,,,,128,001,2019_Aug_08_1110,Experiment 1_July3,3.1.0,59.990039482490225,
,,,,,,,,,,0.686704192,,VisualCategory,Flower,Lilac,Fruit,C:\Users\subic\Desktop\Experiment 1\Sounds\FRUIT.wav,no,C:\Users\subic\Desktop\Experiment 1\Images\lilac.jpg,m,,2,0,0,0,,,,,,,,,,,,,,,,,,0,2,2,0,0,0,0,0,,,,,,,,,,,,,,,,,,,,,0,8,8,8,,,,,,,,,,,,,,,,,,,,,,,,,,,,,,,,,,,,,,,,,,,,,,,,,,,,,,,,,,,m,1,0.3336531291715801,,,,,,,,,,,,128,001,2019_Aug_08_1110,Experiment 1_July3,3.1.0,59.990039482490225,
,,,,,,,,,,0.25020609,,VisualCategory,Flower,Lavender,Fruit,C:\Users\subic\Desktop\Experiment 1\Sounds\FRUIT.wav,no,C:\Users\subic\Desktop\Experiment 1\Images\lavender.jpg,m,,2,0,0,0,,,,,,,,,,,,,,,,,,0,2,2,0,0,0,0,0,,,,,,,,,,,,,,,,,,,,,0,9,9,9,,,,,,,,,,,,,,,,,,,,,,,,,,,,,,,,,,,,,,,,,,,,,,,,,,,,,,,,,,,m,1,0.31720950454473495,,,,,,,,,,,,128,001,2019_Aug_08_1110,Experiment 1_July3,3.1.0,59.990039482490225,
,,,,,,,,,,0.384324296,,VisualCategory,Flower,Lilac,Flower,C:\Users\subic\Desktop\Experiment 1\Sounds\FLOWER.wav,yes,C:\Users\subic\Desktop\Experiment 1\Images\lilac.jpg,n,,2,0,0,0,,,,,,,,,,,,,,,,,,0,2,2,0,0,0,0,0,,,,,,,,,,,,,,,,,,,,,0,10,10,10,,,,,,,,,,,,,,,,,,,,,,,,,,,,,,,,,,,,,,,,,,,,,,,,,,,,,,,,,,,n,1,0.35048678796738386,,,,,,,,,,,,128,001,2019_Aug_08_1110,Experiment 1_July3,3.1.0,59.990039482490225,
,,,,,,,,,,0.366187496,,VisualCategory,Flower,Lavender,Flower,C:\Users\subic\Desktop\Experiment 1\Sounds\FLOWER.wav,yes,C:\Users\subic\Desktop\Experiment 1\Images\lavender.jpg,n,,2,0,0,0,,,,,,,,,,,,,,,,,,0,2,2,0,0,0,0,0,,,,,,,,,,,,,,,,,,,,,0,11,11,11,,,,,,,,,,,,,,,,,,,,,,,,,,,,,,,,,,,,,,,,,,,,,,,,,,,,,,,,,,,n,1,0.35036724200472236,,,,,,,,,,,,128,001,2019_Aug_08_1110,Experiment 1_July3,3.1.0,59.990039482490225,
,,,,,,,,,,0.688014633,,VisualCategory,Fruit,Lemon,Fruit,C:\Users\subic\Desktop\Experiment 1\Sounds\FRUIT.wav,yes,C:\Users\subic\Desktop\Experiment 1\Images\lemon.jpg,n,,2,0,0,0,,,,,,,,,,,,,,,,,,0,2,2,0,0,0,0,0,,,,,,,,,,,,,,,,,,,,,0,12,12,12,,,,,,,,,,,,,,,,,,,,,,,,,,,,,,,,,,,,,,,,,,,,,,,,,,,,,,,,,,,n,1,0.31703139282763004,,,,,,,,,,,,128,001,2019_Aug_08_1110,Experiment 1_July3,3.1.0,59.990039482490225,
,,,,,,,,,,0.776499669,,VisualCategory,Fruit,Pear,Fruit,C:\Users\subic\Desktop\Experiment 1\Sounds\FRUIT.wav,yes,C:\Users\subic\Desktop\Experiment 1\Images\pear.jpg,n,,2,0,0,0,,,,,,,,,,,,,,,,,,0,2,2,0,0,0,0,0,,,,,,,,,,,,,,,,,,,,,0,13,13,13,,,,,,,,,,,,,,,,,,,,,,,,,,,,,,,,,,,,,,,,,,,,,,,,,,,,,,,,,,,n,1,0.383704902138561,,,,,,,,,,,,128,001,2019_Aug_08_1110,Experiment 1_July3,3.1.0,59.990039482490225,
,,,,,,,,,,0.611274767,,VisualCategory,Fruit,Lemon,Flower,C:\Users\subic\Desktop\Experiment 1\Sounds\FLOWER.wav,no,C:\Users\subic\Desktop\Experiment 1\Images\lemon.jpg,m,,2,0,0,0,,,,,,,,,,,,,,,,,,0,2,2,0,0,0,0,0,,,,,,,,,,,,,,,,,,,,,0,14,14,14,,,,,,,,,,,,,,,,,,,,,,,,,,,,,,,,,,,,,,,,,,,,,,,,,,,,,,,,,,,m,1,0.3336537331342697,,,,,,,,,,,,128,001,2019_Aug_08_1110,Experiment 1_July3,3.1.0,59.990039482490225,
,,,,,,,,,,0.904065893,,VisualCategory,Fruit,Pear,Flower,C:\Users\subic\Desktop\Experiment 1\Sounds\FLOWER.wav,no,C:\Users\subic\Desktop\Experiment 1\Images\pear.jpg,m,,2,0,0,0,,,,,,,,,,,,,,,,,,0,2,2,0,0,0,0,0,,,,,,,,,,,,,,,,,,,,,0,15,15,15,,,,,,,,,,,,,,,,,,,,,,,,,,,,,,,,,,,,,,,,,,,,,,,,,,,,,,,,,,,m,1,0.3336561480537057,,,,,,,,,,,,128,001,2019_Aug_08_1110,Experiment 1_July3,3.1.0,59.990039482490225,
,,,,,,,,,,0.723324569,,VisualCategory,Fruit,Lemon,Flower,C:\Users\subic\Desktop\Experiment 1\Sounds\FLOWER.wav,no,C:\Users\subic\Desktop\Experiment 1\Images\lemon.jpg,m,,2,0,0,0,,,,,,,,,,,,,,,,,,0,2,2,0,0,0,0,0,,,,,,,,,,,,,,,,,,,,,0,16,16,16,,,,,,,,,,,,,,,,,,,,,,,,,,,,,,,,,,,,,,,,,,,,,,,,,,,,,,,,,,,m,1,0.3174739549867809,,,,,,,,,,,,128,001,2019_Aug_08_1110,Experiment 1_July3,3.1.0,59.990039482490225,
,,,,,,,,,,0.891157519,,VisualCategory,Flower,Lilac,Fruit,C:\Users\subic\Desktop\Experiment 1\Sounds\FRUIT.wav,no,C:\Users\subic\Desktop\Experiment 1\Images\lilac.jpg,m,,2,0,0,0,,,,,,,,,,,,,,,,,,0,2,2,0,0,0,0,0,,,,,,,,,,,,,,,,,,,,,0,17,17,17,,,,,,,,,,,,,,,,,,,,,,,,,,,,,,,,,,,,,,,,,,,,,,,,,,,,,,,,,,,m,1,0.4003097331151366,,,,,,,,,,,,128,001,2019_Aug_08_1110,Experiment 1_July3,3.1.0,59.990039482490225,
,,,,,,,,,,0.924862854,,VisualCategory,Fruit,Pear,Flower,C:\Users\subic\Desktop\Experiment 1\Sounds\FLOWER.wav,no,C:\Users\subic\Desktop\Experiment 1\Images\pear.jpg,m,,2,0,0,0,,,,,,,,,,,,,,,,,,0,2,2,0,0,0,0,0,,,,,,,,,,,,,,,,,,,,,0,18,18,18,,,,,,,,,,,,,,,,,,,,,,,,,,,,,,,,,,,,,,,,,,,,,,,,,,,,,,,,,,,m,1,0.3503998457454145,,,,,,,,,,,,128,001,2019_Aug_08_1110,Experiment 1_July3,3.1.0,59.990039482490225,
,,,,,,,,,,0.787270804,,VisualCategory,Flower,Lavender,Fruit,C:\Users\subic\Desktop\Experiment 1\Sounds\FRUIT.wav,no,C:\Users\subic\Desktop\Experiment 1\Images\lavender.jpg,m,,2,0,0,0,,,,,,,,,,,,,,,,,,0,2,2,0,0,0,0,0,,,,,,,,,,,,,,,,,,,,,0,19,19,19,,,,,,,,,,,,,,,,,,,,,,,,,,,,,,,,,,,,,,,,,,,,,,,,,,,,,,,,,,,m,1,0.33390188170596957,,,,,,,,,,,,128,001,2019_Aug_08_1110,Experiment 1_July3,3.1.0,59.990039482490225,
,,,,,,,,,,0.218952091,,VisualCategory,Fruit,Pear,Fruit,C:\Users\subic\Desktop\Experiment 1\Sounds\FRUIT.wav,yes,C:\Users\subic\Desktop\Experiment 1\Images\pear.jpg,n,,2,0,0,0,,,,,,,,,,,,,,,,,,0,2,2,0,0,0,0,0,,,,,,,,,,,,,,,,,,,,,0,20,20,20,,,,,,,,,,,,,,,,,,,,,,,,,,,,,,,,,,,,,,,,,,,,,,,,,,,,,,,,,,,n,1,0.5669998456723988,,,,,,,,,,,,128,001,2019_Aug_08_1110,Experiment 1_July3,3.1.0,59.990039482490225,
,,,,,,,,,,0.862323054,,VisualCategory,Flower,Lilac,Flower,C:\Users\subic\Desktop\Experiment 1\Sounds\FLOWER.wav,yes,C:\Users\subic\Desktop\Experiment 1\Images\lilac.jpg,n,,2,0,0,0,,,,,,,,,,,,,,,,,,0,2,2,0,0,0,0,0,,,,,,,,,,,,,,,,,,,,,0,21,21,21,,,,,,,,,,,,,,,,,,,,,,,,,,,,,,,,,,,,,,,,,,,,,,,,,,,,,,,,,,,n,1,0.38369041169062257,,,,,,,,,,,,128,001,2019_Aug_08_1110,Experiment 1_July3,3.1.0,59.990039482490225,
,,,,,,,,,,0.279095325,,VisualCategory,Flower,Lavender,Fruit,C:\Users\subic\Desktop\Experiment 1\Sounds\FRUIT.wav,no,C:\Users\subic\Desktop\Experiment 1\Images\lavender.jpg,m,,2,0,0,0,,,,,,,,,,,,,,,,,,0,2,2,0,0,0,0,0,,,,,,,,,,,,,,,,,,,,,0,22,22,22,,,,,,,,,,,,,,,,,,,,,,,,,,,,,,,,,,,,,,,,,,,,,,,,,,,,,,,,,,,m,1,0.33378475066274405,,,,,,,,,,,,128,001,2019_Aug_08_1110,Experiment 1_July3,3.1.0,59.990039482490225,
,,,,,,,,,,0.488704178,,VisualCategory,Fruit,Lemon,Fruit,C:\Users\subic\Desktop\Experiment 1\Sounds\FRUIT.wav,yes,C:\Users\subic\Desktop\Experiment 1\Images\lemon.jpg,n,,2,0,0,0,,,,,,,,,,,,,,,,,,0,2,2,0,0,0,0,0,,,,,,,,,,,,,,,,,,,,,0,23,23,23,,,,,,,,,,,,,,,,,,,,,,,,,,,,,,,,,,,,,,,,,,,,,,,,,,,,,,,,,,,n,1,0.3336495067924261,,,,,,,,,,,,128,001,2019_Aug_08_1110,Experiment 1_July3,3.1.0,59.990039482490225,
,,,,,,,,,,,,,,,,,,,,,2,0,0,0,,,,,,,,,,,,,,,,,,0,2,2,0,0,0,0,0,,,,,,,,,,,,,,,,,,,,,,,,,,,,,,,,,,,,,,,,,,,,,,,,,,,,,,,,,,,,,,,,,,,,,,,,,,,,,,,,,,,,,,space,1.4335737340152264,,,,,,,,,,128,001,2019_Aug_08_1110,Experiment 1_July3,3.1.0,59.990039482490225,
,,,,,,,,,,0.072470218,,VisualCategory,Fruit,Pear,Flower,C:\Users\subic\Desktop\Experiment 1\Sounds\FLOWER.wav,no,C:\Users\subic\Desktop\Experiment 1\Images\pear.jpg,m,,2,0,0,0,,,,,,,,,,,,,,,,,,0,2,2,0,1,0,1,0,,,,,,,,,,,,,,,,,,,,,0,0,0,0,,,,,,,,,,,,,,,,,,,,,,,,,,,,,,,,,,,,,,,,,,,,,,,,,,,,,,,,,space,6.08351743221283,n,0,0.38366927998140454,,,,,,,,,,,,128,001,2019_Aug_08_1110,Experiment 1_July3,3.1.0,59.990039482490225,
,,,,,,,,,,0.427030832,,VisualCategory,Flower,Lavender,Fruit,C:\Users\subic\Desktop\Experiment 1\Sounds\FRUIT.wav,no,C:\Users\subic\Desktop\Experiment 1\Images\lavender.jpg,m,,2,0,0,0,,,,,,,,,,,,,,,,,,0,2,2,0,1,0,1,0,,,,,,,,,,,,,,,,,,,,,0,1,1,1,,,,,,,,,,,,,,,,,,,,,,,,,,,,,,,,,,,,,,,,,,,,,,,,,,,,,,,,,,,m,1,0.33374309027567506,,,,,,,,,,,,128,001,2019_Aug_08_1110,Experiment 1_July3,3.1.0,59.990039482490225,
,,,,,,,,,,0.611221719,,VisualCategory,Fruit,Lemon,Flower,C:\Users\subic\Desktop\Experiment 1\Sounds\FLOWER.wav,no,C:\Users\subic\Desktop\Experiment 1\Images\lemon.jpg,m,,2,0,0,0,,,,,,,,,,,,,,,,,,0,2,2,0,1,0,1,0,,,,,,,,,,,,,,,,,,,,,0,2,2,2,,,,,,,,,,,,,,,,,,,,,,,,,,,,,,,,,,,,,,,,,,,,,,,,,,,,,,,,,,,m,1,0.36711878795176744,,,,,,,,,,,,128,001,2019_Aug_08_1110,Experiment 1_July3,3.1.0,59.990039482490225,
,,,,,,,,,,0.876869735,,VisualCategory,Flower,Lilac,Fruit,C:\Users\subic\Desktop\Experiment 1\Sounds\FRUIT.wav,no,C:\Users\subic\Desktop\Experiment 1\Images\lilac.jpg,m,,2,0,0,0,,,,,,,,,,,,,,,,,,0,2,2,0,1,0,1,0,,,,,,,,,,,,,,,,,,,,,0,3,3,3,,,,,,,,,,,,,,,,,,,,,,,,,,,,,,,,,,,,,,,,,,,,,,,,,,,,,,,,,,,m,1,0.3171020336449146,,,,,,,,,,,,128,001,2019_Aug_08_1110,Experiment 1_July3,3.1.0,59.990039482490225,
,,,,,,,,,,0.574650726,,VisualCategory,Fruit,Pear,Flower,C:\Users\subic\Desktop\Experiment 1\Sounds\FLOWER.wav,no,C:\Users\subic\Desktop\Experiment 1\Images\pear.jpg,m,,2,0,0,0,,,,,,,,,,,,,,,,,,0,2,2,0,1,0,1,0,,,,,,,,,,,,,,,,,,,,,0,4,4,4,,,,,,,,,,,,,,,,,,,,,,,,,,,,,,,,,,,,,,,,,,,,,,,,,,,,,,,,,,,m,1,0.4837836939841509,,,,,,,,,,,,128,001,2019_Aug_08_1110,Experiment 1_July3,3.1.0,59.990039482490225,
,,,,,,,,,,0.000969121,,VisualCategory,Fruit,Lemon,Fruit,C:\Users\subic\Desktop\Experiment 1\Sounds\FRUIT.wav,yes,C:\Users\subic\Desktop\Experiment 1\Images\lemon.jpg,n,,2,0,0,0,,,,,,,,,,,,,,,,,,0,2,2,0,1,0,1,0,,,,,,,,,,,,,,,,,,,,,0,5,5,5,,,,,,,,,,,,,,,,,,,,,,,,,,,,,,,,,,,,,,,,,,,,,,,,,,,,,,,,,,,n,1,0.35038535483181477,,,,,,,,,,,,128,001,2019_Aug_08_1110,Experiment 1_July3,3.1.0,59.990039482490225,
,,,,,,,,,,0.96659072,,VisualCategory,Flower,Lavender,Fruit,C:\Users\subic\Desktop\Experiment 1\Sounds\FRUIT.wav,no,C:\Users\subic\Desktop\Experiment 1\Images\lavender.jpg,m,,2,0,0,0,,,,,,,,,,,,,,,,,,0,2,2,0,1,0,1,0,,,,,,,,,,,,,,,,,,,,,0,6,6,6,,,,,,,,,,,,,,,,,,,,,,,,,,,,,,,,,,,,,,,,,,,,,,,,,,,,,,,,,,,m,1,0.3337895809672773,,,,,,,,,,,,128,001,2019_Aug_08_1110,Experiment 1_July3,3.1.0,59.990039482490225,
,,,,,,,,,,0.438612188,,VisualCategory,Fruit,Lemon,Fruit,C:\Users\subic\Desktop\Experiment 1\Sounds\FRUIT.wav,yes,C:\Users\subic\Desktop\Experiment 1\Images\lemon.jpg,n,,2,0,0,0,,,,,,,,,,,,,,,,,,0,2,2,0,1,0,1,0,,,,,,,,,,,,,,,,,,,,,0,7,7,7,,,,,,,,,,,,,,,,,,,,,,,,,,,,,,,,,,,,,,,,,,,,,,,,,,,,,,,,,,,n,1,0.3669998459517956,,,,,,,,,,,,128,001,2019_Aug_08_1110,Experiment 1_July3,3.1.0,59.990039482490225,
,,,,,,,,,,0.024916892,,VisualCategory,Flower,Lavender,Flower,C:\Users\subic\Desktop\Experiment 1\Sounds\FLOWER.wav,yes,C:\Users\subic\Desktop\Experiment 1\Images\lavender.jpg,n,,2,0,0,0,,,,,,,,,,,,,,,,,,0,2,2,0,1,0,1,0,,,,,,,,,,,,,,,,,,,,,0,8,8,8,,,,,,,,,,,,,,,,,,,,,,,,,,,,,,,,,,,,,,,,,,,,,,,,,,,,,,,,,,,n,1,0.3836729028262198,,,,,,,,,,,,128,001,2019_Aug_08_1110,Experiment 1_July3,3.1.0,59.990039482490225,
,,,,,,,,,,0.754216937,,VisualCategory,Flower,Lilac,Fruit,C:\Users\subic\Desktop\Experiment 1\Sounds\FRUIT.wav,no,C:\Users\subic\Desktop\Experiment 1\Images\lilac.jpg,m,,2,0,0,0,,,,,,,,,,,,,,,,,,0,2,2,0,1,0,1,0,,,,,,,,,,,,,,,,,,,,,0,9,9,9,,,,,,,,,,,,,,,,,,,,,,,,,,,,,,,,,,,,,,,,,,,,,,,,,,,,,,,,,,,m,1,0.3666955465450883,,,,,,,,,,,,128,001,2019_Aug_08_1110,Experiment 1_July3,3.1.0,59.990039482490225,
,,,,,,,,,,0.642916006,,VisualCategory,Fruit,Pear,Fruit,C:\Users\subic\Desktop\Experiment 1\Sounds\FRUIT.wav,yes,C:\Users\subic\Desktop\Experiment 1\Images\pear.jpg,n,,2,0,0,0,,,,,,,,,,,,,,,,,,0,2,2,0,1,0,1,0,,,,,,,,,,,,,,,,,,,,,0,10,10,10,,,,,,,,,,,,,,,,,,,,,,,,,,,,,,,,,,,,,,,,,,,,,,,,,,,,,,,,,,,n,1,0.3503932040184736,,,,,,,,,,,,128,001,2019_Aug_08_1110,Experiment 1_July3,3.1.0,59.990039482490225,
,,,,,,,,,,0.365864177,,VisualCategory,Flower,Lilac,Fruit,C:\Users\subic\Desktop\Experiment 1\Sounds\FRUIT.wav,no,C:\Users\subic\Desktop\Experiment 1\Images\lilac.jpg,m,,2,0,0,0,,,,,,,,,,,,,,,,,,0,2,2,0,1,0,1,0,,,,,,,,,,,,,,,,,,,,,0,11,11,11,,,,,,,,,,,,,,,,,,,,,,,,,,,,,,,,,,,,,,,,,,,,,,,,,,,,,,,,,,,m,1,0.31702897790819407,,,,,,,,,,,,128,001,2019_Aug_08_1110,Experiment 1_July3,3.1.0,59.990039482490225,
,,,,,,,,,,0.231496148,,VisualCategory,Fruit,Pear,Flower,C:\Users\subic\Desktop\Experiment 1\Sounds\FLOWER.wav,no,C:\Users\subic\Desktop\Experiment 1\Images\pear.jpg,m,,2,0,0,0,,,,,,,,,,,,,,,,,,0,2,2,0,1,0,1,0,,,,,,,,,,,,,,,,,,,,,0,12,12,12,,,,,,,,,,,,,,,,,,,,,,,,,,,,,,,,,,,,,,,,,,,,,,,,,,,,,,,,,,,m,1,0.5170899583026767,,,,,,,,,,,,128,001,2019_Aug_08_1110,Experiment 1_July3,3.1.0,59.990039482490225,
,,,,,,,,,,0.745979963,,VisualCategory,Flower,Lavender,Fruit,C:\Users\subic\Desktop\Experiment 1\Sounds\FRUIT.wav,no,C:\Users\subic\Desktop\Experiment 1\Images\lavender.jpg,m,,2,0,0,0,,,,,,,,,,,,,,,,,,0,2,2,0,1,0,1,0,,,,,,,,,,,,,,,,,,,,,0,13,13,13,,,,,,,,,,,,,,,,,,,,,,,,,,,,,,,,,,,,,,,,,,,,,,,,,,,,,,,,,,,m,1,0.30041750567033887,,,,,,,,,,,,128,001,2019_Aug_08_1110,Experiment 1_July3,3.1.0,59.990039482490225,
,,,,,,,,,,0.599309406,,VisualCategory,Fruit,Lemon,Flower,C:\Users\subic\Desktop\Experiment 1\Sounds\FLOWER.wav,no,C:\Users\subic\Desktop\Experiment 1\Images\lemon.jpg,m,,2,0,0,0,,,,,,,,,,,,,,,,,,0,2,2,0,1,0,1,0,,,,,,,,,,,,,,,,,,,,,0,14,14,14,,,,,,,,,,,,,,,,,,,,,,,,,,,,,,,,,,,,,,,,,,,,,,,,,,,,,,,,,,,m,1,0.3166697360575199,,,,,,,,,,,,128,001,2019_Aug_08_1110,Experiment 1_July3,3.1.0,59.990039482490225,
,,,,,,,,,,0.230193554,,VisualCategory,Flower,Lilac,Flower,C:\Users\subic\Desktop\Experiment 1\Sounds\FLOWER.wav,yes,C:\Users\subic\Desktop\Experiment 1\Images\lilac.jpg,n,,2,0,0,0,,,,,,,,,,,,,,,,,,0,2,2,0,1,0,1,0,,,,,,,,,,,,,,,,,,,,,0,15,15,15,,,,,,,,,,,,,,,,,,,,,,,,,,,,,,,,,,,,,,,,,,,,,,,,,,,,,,,,,,,n,1,0.4337337324395776,,,,,,,,,,,,128,001,2019_Aug_08_1110,Experiment 1_July3,3.1.0,59.990039482490225,
,,,,,,,,,,0.065765564,,VisualCategory,Flower,Lavender,Flower,C:\Users\subic\Desktop\Experiment 1\Sounds\FLOWER.wav,yes,C:\Users\subic\Desktop\Experiment 1\Images\lavender.jpg,n,,2,0,0,0,,,,,,,,,,,,,,,,,,0,2,2,0,1,0,1,0,,,,,,,,,,,,,,,,,,,,,0,16,16,16,,,,,,,,,,,,,,,,,,,,,,,,,,,,,,,,,,,,,,,,,,,,,,,,,,,,,,,,,,,n,1,0.3836578084155917,,,,,,,,,,,,128,001,2019_Aug_08_1110,Experiment 1_July3,3.1.0,59.990039482490225,
,,,,,,,,,,0.309111716,,VisualCategory,Fruit,Lemon,Flower,C:\Users\subic\Desktop\Experiment 1\Sounds\FLOWER.wav,no,C:\Users\subic\Desktop\Experiment 1\Images\lemon.jpg,m,,2,0,0,0,,,,,,,,,,,,,,,,,,0,2,2,0,1,0,1,0,,,,,,,,,,,,,,,,,,,,,0,17,17,17,,,,,,,,,,,,,,,,,,,,,,,,,,,,,,,,,,,,,,,,,,,,,,,,,,,,,,,,,,,m,1,0.35038656275719404,,,,,,,,,,,,128,001,2019_Aug_08_1110,Experiment 1_July3,3.1.0,59.990039482490225,
,,,,,,,,,,0.669945533,,VisualCategory,Flower,Lilac,Flower,C:\Users\subic\Desktop\Experiment 1\Sounds\FLOWER.wav,yes,C:\Users\subic\Desktop\Experiment 1\Images\lilac.jpg,n,,2,0,0,0,,,,,,,,,,,,,,,,,,0,2,2,0,1,0,1,0,,,,,,,,,,,,,,,,,,,,,0,18,18,18,,,,,,,,,,,,,,,,,,,,,,,,,,,,,,,,,,,,,,,,,,,,,,,,,,,,,,,,,,,n,1,0.38361373357474804,,,,,,,,,,,,128,001,2019_Aug_08_1110,Experiment 1_July3,3.1.0,59.990039482490225,
,,,,,,,,,,0.37313077,,VisualCategory,Fruit,Pear,Fruit,C:\Users\subic\Desktop\Experiment 1\Sounds\FRUIT.wav,yes,C:\Users\subic\Desktop\Experiment 1\Images\pear.jpg,n,,2,0,0,0,,,,,,,,,,,,,,,,,,0,2,2,0,1,0,1,0,,,,,,,,,,,,,,,,,,,,,0,19,19,19,,,,,,,,,,,,,,,,,,,,,,,,,,,,,,,,,,,,,,,,,,,,,,,,,,,,,,,,,,,n,1,0.4004926751367748,,,,,,,,,,,,128,001,2019_Aug_08_1110,Experiment 1_July3,3.1.0,59.990039482490225,
,,,,,,,,,,0.833388695,,VisualCategory,Flower,Lavender,Flower,C:\Users\subic\Desktop\Experiment 1\Sounds\FLOWER.wav,yes,C:\Users\subic\Desktop\Experiment 1\Images\lavender.jpg,n,,2,0,0,0,,,,,,,,,,,,,,,,,,0,2,2,0,1,0,1,0,,,,,,,,,,,,,,,,,,,,,0,20,20,20,,,,,,,,,,,,,,,,,,,,,,,,,,,,,,,,,,,,,,,,,,,,,,,,,,,,,,,,,,,n,1,0.5667359996587038,,,,,,,,,,,,128,001,2019_Aug_08_1110,Experiment 1_July3,3.1.0,59.990039482490225,
,,,,,,,,,,0.396564758,,VisualCategory,Fruit,Pear,Fruit,C:\Users\subic\Desktop\Experiment 1\Sounds\FRUIT.wav,yes,C:\Users\subic\Desktop\Experiment 1\Images\pear.jpg,n,,2,0,0,0,,,,,,,,,,,,,,,,,,0,2,2,0,1,0,1,0,,,,,,,,,,,,,,,,,,,,,0,21,21,21,,,,,,,,,,,,,,,,,,,,,,,,,,,,,,,,,,,,,,,,,,,,,,,,,,,,,,,,,,,n,1,0.3503189403563738,,,,,,,,,,,,128,001,2019_Aug_08_1110,Experiment 1_July3,3.1.0,59.990039482490225,
,,,,,,,,,,0.809711513,,VisualCategory,Fruit,Lemon,Fruit,C:\Users\subic\Desktop\Experiment 1\Sounds\FRUIT.wav,yes,C:\Users\subic\Desktop\Experiment 1\Images\lemon.jpg,n,,2,0,0,0,,,,,,,,,,,,,,,,,,0,2,2,0,1,0,1,0,,,,,,,,,,,,,,,,,,,,,0,22,22,22,,,,,,,,,,,,,,,,,,,,,,,,,,,,,,,,,,,,,,,,,,,,,,,,,,,,,,,,,,,m,0,0.3670264119282365,,,,,,,,,,,,128,001,2019_Aug_08_1110,Experiment 1_July3,3.1.0,59.990039482490225,
,,,,,,,,,,0.319927726,,VisualCategory,Flower,Lilac,Flower,C:\Users\subic\Desktop\Experiment 1\Sounds\FLOWER.wav,yes,C:\Users\subic\Desktop\Experiment 1\Images\lilac.jpg,n,,2,0,0,0,,,,,,,,,,,,,,,,,,0,2,2,0,1,0,1,0,,,,,,,,,,,,,,,,,,,,,0,23,23,23,,,,,,,,,,,,,,,,,,,,,,,,,,,,,,,,,,,,,,,,,,,,,,,,,,,,,,,,,,,n,1,0.4171367506496608,,,,,,,,,,,,128,001,2019_Aug_08_1110,Experiment 1_July3,3.1.0,59.990039482490225,
,,,,,,,,,,,,,,,,,,,,,2,0,0,0,,,,,,,,,,,,,,,,,,0,2,2,0,1,0,1,0,,,,,,,,,,,,,,,,,,,,,,,,,,,,,,,,,,,,,,,,,,,,,,,,,,,,,,,,,,,,,,,,,,,,,,,,,,,,,,,,,,,,,,space,1.1836578082293272,,,,,,,,,,128,001,2019_Aug_08_1110,Experiment 1_July3,3.1.0,59.990039482490225,
,,,,,,,,,,,,,,,,,,,,,2,0,0,0,,,,,,,,,,,,,,,,,,0,2,2,0,,,,,,,,,,,,,,,,,,,,,,,,,,,,,,,,,,,,,,,,,,,,,,,,,,,,,,,,,,,,,,,,,,,,,,,,,,,,,,,,,,,,,,,,,,,,,,,,,,,,,128,001,2019_Aug_08_1110,Experiment 1_July3,3.1.0,59.990039482490225,
,,,,,,,,,,0.642665659,1,OlfactoryCategory,Fruit,Lemon,Fruit,C:\Users\subic\Desktop\Experiment 1\Sounds\FRUIT.wav,yes,,n,Lemon,0,2,0,0,None,,,,,,,,,,,,,,,,,0,3,3,1,,,,,0,0,0,0,,,,,,,,,,,,,,,,,,,,,0,0,0,0,,,,,,,,,,,,,,,,,,,,,,,,,,,,,,,,,,,,,,,,,,,,,,,,,,,,,,,,,,,,2457.589157532435,None,space,8.066880601458251,m,0,1.4669590913690627,,,128,001,2019_Aug_08_1110,Experiment 1_July3,3.1.0,59.990039482490225,
,,,,,,,,,,0.752270193,2,OlfactoryCategory,Fruit,Pear,Fruit,C:\Users\subic\Desktop\Experiment 1\Sounds\FRUIT.wav,yes,,n,Pear,0,2,0,0,None,,,,,,,,,,,,,,,,,0,3,3,1,,,,,0,0,0,0,,,,,,,,,,,,,,,,,,,,,0,1,1,1,,,,,,,,,,,,,,,,,,,,,,,,,,,,,,,,,,,,,,,,,,,,,,,,,,,,,,,,,,,,,,,,n,1,1.1502434695139527,,,128,001,2019_Aug_08_1110,Experiment 1_July3,3.1.0,59.990039482490225,
,,,,,,,,,,0.528735504,8,OlfactoryCategory,Flower,Lavender,Fruit,C:\Users\subic\Desktop\Experiment 1\Sounds\FRUIT.wav,no,,m,Lavender,0,2,0,0,None,,,,,,,,,,,,,,,,,0,3,3,1,,,,,0,0,0,0,,,,,,,,,,,,,,,,,,,,,0,2,2,2,,,,,,,,,,,,,,,,,,,,,,,,,,,,,,,,,,,,,,,,,,,,,,,,,,,,,,,,,,,,,,,,n,0,1.30010173516348,,,128,001,2019_Aug_08_1110,Experiment 1_July3,3.1.0,59.990039482490225,
,,,,,,,,,,0.59908952,4,OlfactoryCategory,Flower,Lilac,Fruit,C:\Users\subic\Desktop\Experiment 1\Sounds\FRUIT.wav,no,,m,Lilac,0,2,0,0,None,,,,,,,,,,,,,,,,,0,3,3,1,,,,,0,0,0,0,,,,,,,,,,,,,,,,,,,,,0,3,3,3,,,,,,,,,,,,,,,,,,,,,,,,,,,,,,,,,,,,,,,,,,,,,,,,,,,,,,,,,,,,,,,,m,1,1.400371921248734,,,128,001,2019_Aug_08_1110,Experiment 1_July3,3.1.0,59.990039482490225,
,,,,,,,,,,0.599519803,8,OlfactoryCategory,Flower,Lavender,Flower,C:\Users\subic\Desktop\Experiment 1\Sounds\FLOWER.wav,yes,,n,Lavender,0,2,0,0,None,,,,,,,,,,,,,,,,,0,3,3,1,,,,,0,0,0,0,,,,,,,,,,,,,,,,,,,,,0,4,4,4,,,,,,,,,,,,,,,,,,,,,,,,,,,,,,,,,,,,,,,,,,,,,,,,,,,,,,,,,,,,,,,,n,1,1.567052373662591,,,128,001,2019_Aug_08_1110,Experiment 1_July3,3.1.0,59.990039482490225,
,,,,,,,,,,0.855070324,1,OlfactoryCategory,Fruit,Lemon,Fruit,C:\Users\subic\Desktop\Experiment 1\Sounds\FRUIT.wav,yes,,n,Lemon,0,2,0,0,None,,,,,,,,,,,,,,,,,0,3,3,1,,,,,0,0,0,0,,,,,,,,,,,,,,,,,,,,,0,5,5,5,,,,,,,,,,,,,,,,,,,,,,,,,,,,,,,,,,,,,,,,,,,,,,,,,,,,,,,,,,,,,,,,n,1,0.9003245253115892,,,128,001,2019_Aug_08_1110,Experiment 1_July3,3.1.0,59.990039482490225,
,,,,,,,,,,0.952291188,4,OlfactoryCategory,Flower,Lilac,Flower,C:\Users\subic\Desktop\Experiment 1\Sounds\FLOWER.wav,yes,,n,Lilac,0,2,0,0,None,,,,,,,,,,,,,,,,,0,3,3,1,,,,,0,0,0,0,,,,,,,,,,,,,,,,,,,,,0,6,6,6,,,,,,,,,,,,,,,,,,,,,,,,,,,,,,,,,,,,,,,,,,,,,,,,,,,,,,,,,,,,,,,,m,0,1.533471998758614,,,128,001,2019_Aug_08_1110,Experiment 1_July3,3.1.0,59.990039482490225,
,,,,,,,,,,0.063553066,1,OlfactoryCategory,Fruit,Lemon,Flower,C:\Users\subic\Desktop\Experiment 1\Sounds\FLOWER.wav,no,,m,Lemon,0,2,0,0,None,,,,,,,,,,,,,,,,,0,3,3,1,,,,,0,0,0,0,,,,,,,,,,,,,,,,,,,,,0,7,7,7,,,,,,,,,,,,,,,,,,,,,,,,,,,,,,,,,,,,,,,,,,,,,,,,,,,,,,,,,,,,,,,,m,1,1.9003444500267506,,,128,001,2019_Aug_08_1110,Experiment 1_July3,3.1.0,59.990039482490225,
,,,,,,,,,,0.960466372,8,OlfactoryCategory,Flower,Lavender,Flower,C:\Users\subic\Desktop\Experiment 1\Sounds\FLOWER.wav,yes,,n,Lavender,0,2,0,0,None,,,,,,,,,,,,,,,,,0,3,3,1,,,,,0,0,0,0,,,,,,,,,,,,,,,,,,,,,0,8,8,8,,,,,,,,,,,,,,,,,,,,,,,,,,,,,,,,,,,,,,,,,,,,,,,,,,,,,,,,,,,,,,,,n,1,1.4003278464078903,,,128,001,2019_Aug_08_1110,Experiment 1_July3,3.1.0,59.990039482490225,
,,,,,,,,,,0.583739616,2,OlfactoryCategory,Fruit,Pear,Fruit,C:\Users\subic\Desktop\Experiment 1\Sounds\FRUIT.wav,yes,,n,Pear,0,2,0,0,None,,,,,,,,,,,,,,,,,0,3,3,1,,,,,0,0,0,0,,,,,,,,,,,,,,,,,,,,,0,9,9,9,,,,,,,,,,,,,,,,,,,,,,,,,,,,,,,,,,,,,,,,,,,,,,,,,,,,,,,,,,,,,,,,n,1,1.3670058837160468,,,128,001,2019_Aug_08_1110,Experiment 1_July3,3.1.0,59.990039482490225,
,,,,,,,,,,0.952746803,4,OlfactoryCategory,Flower,Lilac,Flower,C:\Users\subic\Desktop\Experiment 1\Sounds\FLOWER.wav,yes,,n,Lilac,0,2,0,0,None,,,,,,,,,,,,,,,,,0,3,3,1,,,,,0,0,0,0,,,,,,,,,,,,,,,,,,,,,0,10,10,10,,,,,,,,,,,,,,,,,,,,,,,,,,,,,,,,,,,,,,,,,,,,,,,,,,,,,,,,,,,,,,,,n,1,1.6336492043919861,,,128,001,2019_Aug_08_1110,Experiment 1_July3,3.1.0,59.990039482490225,
,,,,,,,,,,0.057279722,8,OlfactoryCategory,Flower,Lavender,Fruit,C:\Users\subic\Desktop\Experiment 1\Sounds\FRUIT.wav,no,,m,Lavender,0,2,0,0,None,,,,,,,,,,,,,,,,,0,3,3,1,,,,,0,0,0,0,,,,,,,,,,,,,,,,,,,,,0,11,11,11,,,,,,,,,,,,,,,,,,,,,,,,,,,,,,,,,,,,,,,,,,,,,,,,,,,,,,,,,,,,,,,,m,1,1.4670732039958239,,,128,001,2019_Aug_08_1110,Experiment 1_July3,3.1.0,59.990039482490225,
,,,,,,,,,,0.509613689,2,OlfactoryCategory,Fruit,Pear,Fruit,C:\Users\subic\Desktop\Experiment 1\Sounds\FRUIT.wav,yes,,n,Pear,0,2,0,0,None,,,,,,,,,,,,,,,,,0,3,3,1,,,,,0,0,0,0,,,,,,,,,,,,,,,,,,,,,0,12,12,12,,,,,,,,,,,,,,,,,,,,,,,,,,,,,,,,,,,,,,,,,,,,,,,,,,,,,,,,,,,,,,,,n,1,1.3667873195372522,,,128,001,2019_Aug_08_1110,Experiment 1_July3,3.1.0,59.990039482490225,
,,,,,,,,,,0.89851368,4,OlfactoryCategory,Flower,Lilac,Flower,C:\Users\subic\Desktop\Experiment 1\Sounds\FLOWER.wav,yes,,n,Lilac,0,2,0,0,None,,,,,,,,,,,,,,,,,0,3,3,1,,,,,0,0,0,0,,,,,,,,,,,,,,,,,,,,,0,13,13,13,,,,,,,,,,,,,,,,,,,,,,,,,,,,,,,,,,,,,,,,,,,,,,,,,,,,,,,,,,,,,,,,n,1,1.317306107841432,,,128,001,2019_Aug_08_1110,Experiment 1_July3,3.1.0,59.990039482490225,
,,,,,,,,,,0.998820051,2,OlfactoryCategory,Fruit,Pear,Flower,C:\Users\subic\Desktop\Experiment 1\Sounds\FLOWER.wav,no,,m,Pear,0,2,0,0,None,,,,,,,,,,,,,,,,,0,3,3,1,,,,,0,0,0,0,,,,,,,,,,,,,,,,,,,,,0,14,14,14,,,,,,,,,,,,,,,,,,,,,,,,,,,,,,,,,,,,,,,,,,,,,,,,,,,,,,,,,,,,,,,,m,1,1.5336078465916216,,,128,001,2019_Aug_08_1110,Experiment 1_July3,3.1.0,59.990039482490225,
,,,,,,,,,,0.4248316,8,OlfactoryCategory,Flower,Lavender,Flower,C:\Users\subic\Desktop\Experiment 1\Sounds\FLOWER.wav,yes,,n,Lavender,0,2,0,0,None,,,,,,,,,,,,,,,,,0,3,3,1,,,,,0,0,0,0,,,,,,,,,,,,,,,,,,,,,0,15,15,15,,,,,,,,,,,,,,,,,,,,,,,,,,,,,,,,,,,,,,,,,,,,,,,,,,,,,,,,,,,,,,,,n,1,1.5003094314597547,,,128,001,2019_Aug_08_1110,Experiment 1_July3,3.1.0,59.990039482490225,
,,,,,,,,,,0.578499199,4,OlfactoryCategory,Flower,Lilac,Fruit,C:\Users\subic\Desktop\Experiment 1\Sounds\FRUIT.wav,no,,m,Lilac,0,2,0,0,None,,,,,,,,,,,,,,,,,0,3,3,1,,,,,0,0,0,0,,,,,,,,,,,,,,,,,,,,,0,16,16,16,,,,,,,,,,,,,,,,,,,,,,,,,,,,,,,,,,,,,,,,,,,,,,,,,,,,,,,,,,,,,,,,m,1,1.500384298618883,,,128,001,2019_Aug_08_1110,Experiment 1_July3,3.1.0,59.990039482490225,
,,,,,,,,,,0.853208761,2,OlfactoryCategory,Fruit,Pear,Flower,C:\Users\subic\Desktop\Experiment 1\Sounds\FLOWER.wav,no,,m,Pear,0,2,0,0,None,,,,,,,,,,,,,,,,,0,3,3,1,,,,,0,0,0,0,,,,,,,,,,,,,,,,,,,,,0,17,17,17,,,,,,,,,,,,,,,,,,,,,,,,,,,,,,,,,,,,,,,,,,,,,,,,,,,,,,,,,,,,,,,,m,1,1.283744449261576,,,128,001,2019_Aug_08_1110,Experiment 1_July3,3.1.0,59.990039482490225,
,,,,,,,,,,0.306254982,1,OlfactoryCategory,Fruit,Lemon,Flower,C:\Users\subic\Desktop\Experiment 1\Sounds\FLOWER.wav,no,,m,Lemon,0,2,0,0,None,,,,,,,,,,,,,,,,,0,3,3,1,,,,,0,0,0,0,,,,,,,,,,,,,,,,,,,,,0,18,18,18,,,,,,,,,,,,,,,,,,,,,,,,,,,,,,,,,,,,,,,,,,,,,,,,,,,,,,,,,,,,,,,,m,1,1.4336739592254162,,,128,001,2019_Aug_08_1110,Experiment 1_July3,3.1.0,59.990039482490225,
,,,,,,,,,,0.829103952,2,OlfactoryCategory,Fruit,Pear,Flower,C:\Users\subic\Desktop\Experiment 1\Sounds\FLOWER.wav,no,,m,Pear,0,2,0,0,None,,,,,,,,,,,,,,,,,0,3,3,1,,,,,0,0,0,0,,,,,,,,,,,,,,,,,,,,,0,19,19,19,,,,,,,,,,,,,,,,,,,,,,,,,,,,,,,,,,,,,,,,,,,,,,,,,,,,,,,,,,,,,,,,m,1,1.4003652799874544,,,128,001,2019_Aug_08_1110,Experiment 1_July3,3.1.0,59.990039482490225,
,,,,,,,,,,0.955201979,1,OlfactoryCategory,Fruit,Lemon,Flower,C:\Users\subic\Desktop\Experiment 1\Sounds\FLOWER.wav,no,,m,Lemon,0,2,0,0,None,,,,,,,,,,,,,,,,,0,3,3,1,,,,,0,0,0,0,,,,,,,,,,,,,,,,,,,,,0,20,20,20,,,,,,,,,,,,,,,,,,,,,,,,,,,,,,,,,,,,,,,,,,,,,,,,,,,,,,,,,,,,,,,,m,1,1.2337379585951567,,,128,001,2019_Aug_08_1110,Experiment 1_July3,3.1.0,59.990039482490225,
,,,,,,,,,,0.817745712,8,OlfactoryCategory,Flower,Lavender,Fruit,C:\Users\subic\Desktop\Experiment 1\Sounds\FRUIT.wav,no,,m,Lavender,0,2,0,0,None,,,,,,,,,,,,,,,,,0,3,3,1,,,,,0,0,0,0,,,,,,,,,,,,,,,,,,,,,0,21,21,21,,,,,,,,,,,,,,,,,,,,,,,,,,,,,,,,,,,,,,,,,,,,,,,,,,,,,,,,,,,,,,,,m,1,1.316945054102689,,,128,001,2019_Aug_08_1110,Experiment 1_July3,3.1.0,59.990039482490225,
,,,,,,,,,,0.723136998,4,OlfactoryCategory,Flower,Lilac,Fruit,C:\Users\subic\Desktop\Experiment 1\Sounds\FRUIT.wav,no,,m,Lilac,0,2,0,0,None,,,,,,,,,,,,,,,,,0,3,3,1,,,,,0,0,0,0,,,,,,,,,,,,,,,,,,,,,0,22,22,22,,,,,,,,,,,,,,,,,,,,,,,,,,,,,,,,,,,,,,,,,,,,,,,,,,,,,,,,,,,,,,,,m,1,1.8170069404877722,,,128,001,2019_Aug_08_1110,Experiment 1_July3,3.1.0,59.990039482490225,
,,,,,,,,,,0.944195259,1,OlfactoryCategory,Fruit,Lemon,Fruit,C:\Users\subic\Desktop\Experiment 1\Sounds\FRUIT.wav,yes,,n,Lemon,0,2,0,0,None,,,,,,,,,,,,,,,,,0,3,3,1,,,,,0,0,0,0,,,,,,,,,,,,,,,,,,,,,0,23,23,23,,,,,,,,,,,,,,,,,,,,,,,,,,,,,,,,,,,,,,,,,,,,,,,,,,,,,,,,,,,,,,,,n,1,1.5003233179450035,,,128,001,2019_Aug_08_1110,Experiment 1_July3,3.1.0,59.990039482490225,
,,,,,,,,,,,,,,,,,,,,,0,2,0,0,,,,,,,,,,,,,,,,,,0,3,3,1,,,,,0,0,0,0,,,,,,,,,,,,,,,,,,,,,,,,,,,,,,,,,,,,,,,,,,,,,,,,,,,,,,,,,,,,,,,,,,,,,,,,,,,,,,,,,,,,,,,,,,,space,1.3669406767003238,128,001,2019_Aug_08_1110,Experiment 1_July3,3.1.0,59.990039482490225,
,,,,,,,,,,0.62229784,4,OlfactoryCategory,Flower,Lilac,Fruit,C:\Users\subic\Desktop\Experiment 1\Sounds\FRUIT.wav,no,,m,Lilac,0,2,0,0,None,,,,,,,,,,,,,,,,,0,3,3,1,,,,,1,0,1,0,,,,,,,,,,,,,,,,,,,,,0,0,0,0,,,,,,,,,,,,,,,,,,,,,,,,,,,,,,,,,,,,,,,,,,,,,,,,,,,,,,,,,,,,2723.3136442541145,None,space,3.5669412803836167,m,1,1.4667151696048677,,,128,001,2019_Aug_08_1110,Experiment 1_July3,3.1.0,59.990039482490225,
,,,,,,,,,,0.997410685,8,OlfactoryCategory,Flower,Lavender,Fruit,C:\Users\subic\Desktop\Experiment 1\Sounds\FRUIT.wav,no,,m,Lavender,0,2,0,0,None,,,,,,,,,,,,,,,,,0,3,3,1,,,,,1,0,1,0,,,,,,,,,,,,,,,,,,,,,0,1,1,1,,,,,,,,,,,,,,,,,,,,,,,,,,,,,,,,,,,,,,,,,,,,,,,,,,,,,,,,,,,,,,,,m,1,1.3669938086532056,,,128,001,2019_Aug_08_1110,Experiment 1_July3,3.1.0,59.990039482490225,
,,,,,,,,,,0.196268834,2,OlfactoryCategory,Fruit,Pear,Fruit,C:\Users\subic\Desktop\Experiment 1\Sounds\FRUIT.wav,yes,,n,Pear,0,2,0,0,None,,,,,,,,,,,,,,,,,0,3,3,1,,,,,1,0,1,0,,,,,,,,,,,,,,,,,,,,,0,2,2,2,,,,,,,,,,,,,,,,,,,,,,,,,,,,,,,,,,,,,,,,,,,,,,,,,,,,,,,,,,,,,,,,n,1,1.1503255818970501,,,128,001,2019_Aug_08_1110,Experiment 1_July3,3.1.0,59.990039482490225,
,,,,,,,,,,0.260513449,4,OlfactoryCategory,Flower,Lilac,Flower,C:\Users\subic\Desktop\Experiment 1\Sounds\FLOWER.wav,yes,,n,Lilac,0,2,0,0,None,,,,,,,,,,,,,,,,,0,3,3,1,,,,,1,0,1,0,,,,,,,,,,,,,,,,,,,,,0,3,3,3,,,,,,,,,,,,,,,,,,,,,,,,,,,,,,,,,,,,,,,,,,,,,,,,,,,,,,,,,,,,,,,,n,1,1.3003426385112107,,,128,001,2019_Aug_08_1110,Experiment 1_July3,3.1.0,59.990039482490225,
,,,,,,,,,,0.95278853,2,OlfactoryCategory,Fruit,Pear,Flower,C:\Users\subic\Desktop\Experiment 1\Sounds\FLOWER.wav,no,,m,Pear,0,2,0,0,None,,,,,,,,,,,,,,,,,0,3,3,1,,,,,1,0,1,0,,,,,,,,,,,,,,,,,,,,,0,4,4,4,,,,,,,,,,,,,,,,,,,,,,,,,,,,,,,,,,,,,,,,,,,,,,,,,,,,,,,,,,,,,,,,m,1,1.0337500339373946,,,128,001,2019_Aug_08_1110,Experiment 1_July3,3.1.0,59.990039482490225,
,,,,,,,,,,0.377389432,1,OlfactoryCategory,Fruit,Lemon,Flower,C:\Users\subic\Desktop\Experiment 1\Sounds\FLOWER.wav,no,,m,Lemon,0,2,0,0,None,,,,,,,,,,,,,,,,,0,3,3,1,,,,,1,0,1,0,,,,,,,,,,,,,,,,,,,,,0,5,5,5,,,,,,,,,,,,,,,,,,,,,,,,,,,,,,,,,,,,,,,,,,,,,,,,,,,,,,,,,,,,,,,,m,1,1.5503014312125742,,,128,001,2019_Aug_08_1110,Experiment 1_July3,3.1.0,59.990039482490225,
,,,,,,,,,,0.956340617,4,OlfactoryCategory,Flower,Lilac,Fruit,C:\Users\subic\Desktop\Experiment 1\Sounds\FRUIT.wav,no,,m,Lilac,0,2,0,0,None,,,,,,,,,,,,,,,,,0,3,3,1,,,,,1,0,1,0,,,,,,,,,,,,,,,,,,,,,0,6,6,6,,,,,,,,,,,,,,,,,,,,,,,,,,,,,,,,,,,,,,,,,,,,,,,,,,,,,,,,,,,,,,,,n,0,1.4003097331151366,,,128,001,2019_Aug_08_1110,Experiment 1_July3,3.1.0,59.990039482490225,
,,,,,,,,,,0.59094936,2,OlfactoryCategory,Fruit,Pear,Flower,C:\Users\subic\Desktop\Experiment 1\Sounds\FLOWER.wav,no,,m,Pear,0,2,0,0,None,,,,,,,,,,,,,,,,,0,3,3,1,,,,,1,0,1,0,,,,,,,,,,,,,,,,,,,,,0,7,7,7,,,,,,,,,,,,,,,,,,,,,,,,,,,,,,,,,,,,,,,,,,,,,,,,,,,,,,,,,,,,,,,,m,1,1.4003417328931391,,,128,001,2019_Aug_08_1110,Experiment 1_July3,3.1.0,59.990039482490225,
,,,,,,,,,,0.926353993,4,OlfactoryCategory,Flower,Lilac,Flower,C:\Users\subic\Desktop\Experiment 1\Sounds\FLOWER.wav,yes,,n,Lilac,0,2,0,0,None,,,,,,,,,,,,,,,,,0,3,3,1,,,,,1,0,1,0,,,,,,,,,,,,,,,,,,,,,0,8,8,8,,,,,,,,,,,,,,,,,,,,,,,,,,,,,,,,,,,,,,,,,,,,,,,,,,,,,,,,,,,,,,,,m,0,1.316970412619412,,,128,001,2019_Aug_08_1110,Experiment 1_July3,3.1.0,59.990039482490225,
,,,,,,,,,,0.652791774,1,OlfactoryCategory,Fruit,Lemon,Fruit,C:\Users\subic\Desktop\Experiment 1\Sounds\FRUIT.wav,yes,,n,Lemon,0,2,0,0,None,,,,,,,,,,,,,,,,,0,3,3,1,,,,,1,0,1,0,,,,,,,,,,,,,,,,,,,,,0,9,9,9,,,,,,,,,,,,,,,,,,,,,,,,,,,,,,,,,,,,,,,,,,,,,,,,,,,,,,,,,,,,,,,,n,1,1.3170549399219453,,,128,001,2019_Aug_08_1110,Experiment 1_July3,3.1.0,59.990039482490225,
,,,,,,,,,,0.040379028,4,OlfactoryCategory,Flower,Lilac,Flower,C:\Users\subic\Desktop\Experiment 1\Sounds\FLOWER.wav,yes,,n,Lilac,0,2,0,0,None,,,,,,,,,,,,,,,,,0,3,3,1,,,,,1,0,1,0,,,,,,,,,,,,,,,,,,,,,0,10,10,10,,,,,,,,,,,,,,,,,,,,,,,,,,,,,,,,,,,,,,,,,,,,,,,,,,,,,,,,,,,,,,,,n,1,1.7332812077365816,,,128,001,2019_Aug_08_1110,Experiment 1_July3,3.1.0,59.990039482490225,
,,,,,,,,,,0.765218628,1,OlfactoryCategory,Fruit,Lemon,Flower,C:\Users\subic\Desktop\Experiment 1\Sounds\FLOWER.wav,no,,m,Lemon,0,2,0,0,None,,,,,,,,,,,,,,,,,0,3,3,1,,,,,1,0,1,0,,,,,,,,,,,,,,,,,,,,,0,11,11,11,,,,,,,,,,,,,,,,,,,,,,,,,,,,,,,,,,,,,,,,,,,,,,,,,,,,,,,,,,,,,,,,m,1,2.0335030928254128,,,128,001,2019_Aug_08_1110,Experiment 1_July3,3.1.0,59.990039482490225,
,,,,,,,,,,0.771333839,2,OlfactoryCategory,Fruit,Pear,Flower,C:\Users\subic\Desktop\Experiment 1\Sounds\FLOWER.wav,no,,m,Pear,0,2,0,0,None,,,,,,,,,,,,,,,,,0,3,3,1,,,,,1,0,1,0,,,,,,,,,,,,,,,,,,,,,0,12,12,12,,,,,,,,,,,,,,,,,,,,,,,,,,,,,,,,,,,,,,,,,,,,,,,,,,,,,,,,,,,,,,,,m,1,1.617029279936105,,,128,001,2019_Aug_08_1110,Experiment 1_July3,3.1.0,59.990039482490225,
,,,,,,,,,,0.206361974,8,OlfactoryCategory,Flower,Lavender,Flower,C:\Users\subic\Desktop\Experiment 1\Sounds\FLOWER.wav,yes,,n,Lavender,0,2,0,0,None,,,,,,,,,,,,,,,,,0,3,3,1,,,,,1,0,1,0,,,,,,,,,,,,,,,,,,,,,0,13,13,13,,,,,,,,,,,,,,,,,,,,,,,,,,,,,,,,,,,,,,,,,,,,,,,,,,,,,,,,,,,,,,,,n,1,1.0666843773797154,,,128,001,2019_Aug_08_1110,Experiment 1_July3,3.1.0,59.990039482490225,
,,,,,,,,,,0.965637439,1,OlfactoryCategory,Fruit,Lemon,Fruit,C:\Users\subic\Desktop\Experiment 1\Sounds\FRUIT.wav,yes,,n,Lemon,0,2,0,0,None,,,,,,,,,,,,,,,,,0,3,3,1,,,,,1,0,1,0,,,,,,,,,,,,,,,,,,,,,0,14,14,14,,,,,,,,,,,,,,,,,,,,,,,,,,,,,,,,,,,,,,,,,,,,,,,,,,,,,,,,,,,,,,,,m,0,1.3503485252149403,,,128,001,2019_Aug_08_1110,Experiment 1_July3,3.1.0,59.990039482490225,
,,,,,,,,,,0.868865993,8,OlfactoryCategory,Flower,Lavender,Fruit,C:\Users\subic\Desktop\Experiment 1\Sounds\FRUIT.wav,no,,m,Lavender,0,2,0,0,None,,,,,,,,,,,,,,,,,0,3,3,1,,,,,1,0,1,0,,,,,,,,,,,,,,,,,,,,,0,15,15,15,,,,,,,,,,,,,,,,,,,,,,,,,,,,,,,,,,,,,,,,,,,,,,,,,,,,,,,,,,,,,,,,m,1,1.8174597662873566,,,128,001,2019_Aug_08_1110,Experiment 1_July3,3.1.0,59.990039482490225,
,,,,,,,,,,0.180576465,1,OlfactoryCategory,Fruit,Lemon,Fruit,C:\Users\subic\Desktop\Experiment 1\Sounds\FRUIT.wav,yes,,n,Lemon,0,2,0,0,None,,,,,,,,,,,,,,,,,0,3,3,1,,,,,1,0,1,0,,,,,,,,,,,,,,,,,,,,,0,16,16,16,,,,,,,,,,,,,,,,,,,,,,,,,,,,,,,,,,,,,,,,,,,,,,,,,,,,,,,,,,,,,,,,n,1,1.7836239975877106,,,128,001,2019_Aug_08_1110,Experiment 1_July3,3.1.0,59.990039482490225,
,,,,,,,,,,0.865084377,8,OlfactoryCategory,Flower,Lavender,Flower,C:\Users\subic\Desktop\Experiment 1\Sounds\FLOWER.wav,yes,,n,Lavender,0,2,0,0,None,,,,,,,,,,,,,,,,,0,3,3,1,,,,,1,0,1,0,,,,,,,,,,,,,,,,,,,,,0,17,17,17,,,,,,,,,,,,,,,,,,,,,,,,,,,,,,,,,,,,,,,,,,,,,,,,,,,,,,,,,,,,,,,,n,1,1.4170540343038738,,,128,001,2019_Aug_08_1110,Experiment 1_July3,3.1.0,59.990039482490225,
,,,,,,,,,,0.180078948,2,OlfactoryCategory,Fruit,Pear,Fruit,C:\Users\subic\Desktop\Experiment 1\Sounds\FRUIT.wav,yes,,n,Pear,0,2,0,0,None,,,,,,,,,,,,,,,,,0,3,3,1,,,,,1,0,1,0,,,,,,,,,,,,,,,,,,,,,0,18,18,18,,,,,,,,,,,,,,,,,,,,,,,,,,,,,,,,,,,,,,,,,,,,,,,,,,,,,,,,,,,,,,,,n,1,1.2002982613630593,,,128,001,2019_Aug_08_1110,Experiment 1_July3,3.1.0,59.990039482490225,
,,,,,,,,,,0.036518238,8,OlfactoryCategory,Flower,Lavender,Fruit,C:\Users\subic\Desktop\Experiment 1\Sounds\FRUIT.wav,no,,m,Lavender,0,2,0,0,None,,,,,,,,,,,,,,,,,0,3,3,1,,,,,1,0,1,0,,,,,,,,,,,,,,,,,,,,,0,19,19,19,,,,,,,,,,,,,,,,,,,,,,,,,,,,,,,,,,,,,,,,,,,,,,,,,,,,,,,,,,,,,,,,m,1,1.7332504158839583,,,128,001,2019_Aug_08_1110,Experiment 1_July3,3.1.0,59.990039482490225,
,,,,,,,,,,0.531973867,4,OlfactoryCategory,Flower,Lilac,Fruit,C:\Users\subic\Desktop\Experiment 1\Sounds\FRUIT.wav,no,,m,Lilac,0,2,0,0,None,,,,,,,,,,,,,,,,,0,3,3,1,,,,,1,0,1,0,,,,,,,,,,,,,,,,,,,,,0,20,20,20,,,,,,,,,,,,,,,,,,,,,,,,,,,,,,,,,,,,,,,,,,,,,,,,,,,,,,,,,,,,,,,,m,1,1.933653733227402,,,128,001,2019_Aug_08_1110,Experiment 1_July3,3.1.0,59.990039482490225,
,,,,,,,,,,0.490248842,8,OlfactoryCategory,Flower,Lavender,Flower,C:\Users\subic\Desktop\Experiment 1\Sounds\FLOWER.wav,yes,,n,Lavender,0,2,0,0,None,,,,,,,,,,,,,,,,,0,3,3,1,,,,,1,0,1,0,,,,,,,,,,,,,,,,,,,,,0,21,21,21,,,,,,,,,,,,,,,,,,,,,,,,,,,,,,,,,,,,,,,,,,,,,,,,,,,,,,,,,,,,,,,,n,1,1.5499820378609002,,,128,001,2019_Aug_08_1110,Experiment 1_July3,3.1.0,59.990039482490225,
,,,,,,,,,,0.221199837,1,OlfactoryCategory,Fruit,Lemon,Flower,C:\Users\subic\Desktop\Experiment 1\Sounds\FLOWER.wav,no,,m,Lemon,0,2,0,0,None,,,,,,,,,,,,,,,,,0,3,3,1,,,,,1,0,1,0,,,,,,,,,,,,,,,,,,,,,0,22,22,22,,,,,,,,,,,,,,,,,,,,,,,,,,,,,,,,,,,,,,,,,,,,,,,,,,,,,,,,,,,,,,,,m,1,1.800247544888407,,,128,001,2019_Aug_08_1110,Experiment 1_July3,3.1.0,59.990039482490225,
,,,,,,,,,,0.27716494,2,OlfactoryCategory,Fruit,Pear,Fruit,C:\Users\subic\Desktop\Experiment 1\Sounds\FRUIT.wav,yes,,n,Pear,0,2,0,0,None,,,,,,,,,,,,,,,,,0,3,3,1,,,,,1,0,1,0,,,,,,,,,,,,,,,,,,,,,0,23,23,23,,,,,,,,,,,,,,,,,,,,,,,,,,,,,,,,,,,,,,,,,,,,,,,,,,,,,,,,,,,,,,,,n,1,1.5836928272619843,,,128,001,2019_Aug_08_1110,Experiment 1_July3,3.1.0,59.990039482490225,
,,,,,,,,,,,,,,,,,,,,,0,2,0,0,,,,,,,,,,,,,,,,,,0,3,3,1,,,,,1,0,1,0,,,,,,,,,,,,,,,,,,,,,,,,,,,,,,,,,,,,,,,,,,,,,,,,,,,,,,,,,,,,,,,,,,,,,,,,,,,,,,,,,,,,,,,,,,,space,1.0004117698408663,128,001,2019_Aug_08_1110,Experiment 1_July3,3.1.0,59.990039482490225,
,,,,,,,,,,,,,,,,,,,,,0,2,0,0,,,,,,,,,,,,,,,,,,0,3,3,1,,,,,,,,,,,,,,,,,,,,,,,,,,,,,,,,,,,,,,,,,,,,,,,,,,,,,,,,,,,,,,,,,,,,,,,,,,,,,,,,,,,,,,,,,,,,,,,,,,,,,128,001,2019_Aug_08_1110,Experiment 1_July3,3.1.0,59.990039482490225,
