Modality1,StimulusType1,WordCue1,WordCue1Swedish,Stimulus_file1,Modality2,StimulusType2,WordCue2,WordCue2Swedish,Stimulus_file2,Random,OdorTrigger,Modality,Stimulustype,Target,Cue,SoundFile,Match,ImageFile,Correct,SmellText,nRepOne,nRepTwo,nRepThree,nRepFour,SwedishSoundFile,trials_2.thisRepN,trials_2.thisTrialN,trials_2.thisN,trials_2.thisIndex,trials.thisRepN,trials.thisTrialN,trials.thisN,trials.thisIndex,VisualPracticeLoop.thisRepN,VisualPracticeLoop.thisTrialN,VisualPracticeLoop.thisN,VisualPracticeLoop.thisIndex,OlfactoryPracticeLoop.thisRepN,OlfactoryPracticeLoop.thisTrialN,OlfactoryPracticeLoop.thisN,OlfactoryPracticeLoop.thisIndex,routineController.thisRepN,routineController.thisTrialN,routineController.thisN,routineController.thisIndex,routineOne.thisRepN,routineOne.thisTrialN,routineOne.thisN,routineOne.thisIndex,routineTwo.thisRepN,routineTwo.thisTrialN,routineTwo.thisN,routineTwo.thisIndex,innerTwo.thisRepN,innerTwo.thisTrialN,innerTwo.thisN,innerTwo.thisIndex,routineThree.thisRepN,routineThree.thisTrialN,routineThree.thisN,routineThree.thisIndex,routineFour.thisRepN,routineFour.thisTrialN,routineFour.thisN,routineFour.thisIndex,innerOne.thisRepN,innerOne.thisTrialN,innerOne.thisN,innerOne.thisIndex,innerFour.thisRepN,innerFour.thisTrialN,innerFour.thisN,innerFour.thisIndex,innerThree.thisRepN,innerThree.thisTrialN,innerThree.thisN,innerThree.thisIndex,RatingInstructions_1_KeyResponse.keys,RatingInstructions_1_KeyResponse.rt,RatingInstructions_2_KeyResponse.keys,RatingInstructions_2_KeyResponse.rt,RatingInstructions_3_KeyResponse.keys,RatingInstructions_3_KeyResponse.rt,IntensitySlider_VisualRating.response,IntensitySlider_VisualRating.rt,QualitySlider_VisualRating.response,QualitySlider_VisualRating.rt,FruitSlider_VisualRating.response,FruitSlider_VisualRating.rt,FlowerSlider_VisualRating.response,FlowerSlider_VisualRating.rt,IntensitySlider_OlfactoryRating.response,IntensitySlider_OlfactoryRating.rt,QualitySlider_OlfactoryRating.response,QualitySlider_OlfactoryRating.rt,FruitSlider_OlfactoryRating.response,FruitSlider_OlfactoryRating.rt,FlowerSlider_OlfactoryRating.response,FlowerSlider_OlfactoryRating.rt,VisualPractice_KeyResponse.keys,VisualPractice_KeyResponse.rt,KeyResponse_VisualPractice.keys,KeyResponse_VisualPractice.corr,KeyResponse_VisualPractice.rt,OlfactoryPractice_KeyResponse.keys,OlfactoryPractice_KeyResponse.rt,KeyResponse_OlfactoryPractice.keys,KeyResponse_OlfactoryPractice.corr,KeyResponse_OlfactoryPractice.rt,ExperimentInstructions_KeyResponse.keys,ExperimentInstructions_KeyResponse.rt,Wait_OlfactoryCategory_Instructions.started,Wait_OlfactoryCategory_Instructions.stopped,Instructions_OlfactoryCategory_KeyResponse.keys,Instructions_OlfactoryCategory_KeyResponse.rt,KeyResponse_OlfactoryCategory.keys,KeyResponse_OlfactoryCategory.corr,KeyResponse_OlfactoryCategory.rt,SPACEBAR2_OlfactoryCategory.keys,SPACEBAR2_OlfactoryCategory.rt,SPACEBAR_VisualCategory.keys,SPACEBAR_VisualCategory.rt,KeyResponse_VisualCategory.keys,KeyResponse_VisualCategory.corr,KeyResponse_VisualCategory.rt,SPACEBAR2_VisualCategory.keys,SPACEBAR2_VisualCategory.rt,SPACEBAR_VisualStimuli.keys,SPACEBAR_VisualStimuli.rt,Two_VisualObject.started,Two_VisualObject.stopped,KeyResponse_VisualObject.keys,KeyResponse_VisualObject.corr,KeyResponse_VisualObject.rt,VisualObject_Feedbacktext.started,VisualObject_Feedbacktext.stopped,SPACEBAR2_VisualStimuli.keys,SPACEBAR2_VisualStimuli.rt,Instructions_OlfactoryObject_KeyResponse.keys,Instructions_OlfactoryObject_KeyResponse.rt,KeyResponse_OlfactoryObject.keys,KeyResponse_OlfactoryObject.corr,KeyResponse_OlfactoryObject.rt,SPACEBAR2_OlfactoryObject.keys,SPACEBAR2_OlfactoryObject.rt,participant,session,date,expName,psychopyVersion,frameRate,
,,,,,,,,,,,,,,,,,,,,,,,,,,,,,,,,,,,,,,,,,,,,,,,,,,,,,,,,,,,,,,,,,,,,,,,,,,,,,,space,30.082761564583052,,,,,,,,,,,,,,,,,,,,,,,,,,,,,,,,,,,,,,,,,,,,,,,,,,,,,,,,,,,,,,,,,,,153,001,2019_Sep_03_1613,Experiment 1_July3,3.1.0,60.00130416822486,
,,,,,,,,,,,,,,,,,,,,,,,,,,,,,,,,,,,,,,,,,,,,,,,,,,,,,,,,,,,,,,,,,,,,,,,,,,,,,,,,space,39.849272821244085,,,,,,,,,,,,,,,,,,,,,,,,,,,,,,,,,,,,,,,,,,,,,,,,,,,,,,,,,,,,,,,,,153,001,2019_Sep_03_1613,Experiment 1_July3,3.1.0,60.00130416822486,
,,,,,,,,,,,,,,,,,,,,,,,,,,,,,,,,,,,,,,,,,,,,,,,,,,,,,,,,,,,,,,,,,,,,,,,,,,,,,,,,,,space,90.56409364690626,,,,,,,,,,,,,,,,,,,,,,,,,,,,,,,,,,,,,,,,,,,,,,,,,,,,,,,,,,,,,,,153,001,2019_Sep_03_1613,Experiment 1_July3,3.1.0,60.00130416822486,
Visual,Lavender,Lavender,Lavendel,C:\Users\subic\Desktop\Experiment 1\Images\lavender.jpg,Olfactory,Pear,Pear,Päron,Pear,0.572006853,2,,,,,,,,,,,,,,,0,0,0,0,0,0,0,0,,,,,,,,,,,,,,,,,,,,,,,,,,,,,,,,,,,,,,,,,,,,,,,,,,,23.89375,59.1176328169895,99.5875,63.40179162259301,1.0,65.16928400303368,99.89687500000001,66.02040314828992,21.624999999999996,11.404925784776424,69.784375,15.372500398487318,70.50625000000001,16.507214429584565,2.0312500000000018,17.607596977293724,,,,,,,,,,,,,,,,,,,,,,,,,,,,,,,,,,,,,,,,,,,,,,,153,001,2019_Sep_03_1613,Experiment 1_July3,3.1.0,60.00130416822486,
Visual,Lavender,Lavender,Lavendel,C:\Users\subic\Desktop\Experiment 1\Images\lavender.jpg,Olfactory,Lilac,Lilac,Syrén,Lilac,0.63713018,4,,,,,,,,,,,,,,,0,0,0,0,0,1,1,1,,,,,,,,,,,,,,,,,,,,,,,,,,,,,,,,,,,,,,,,,,,,,,,,,,,19.35625,9.372558964030759,100.0,10.40671837339687,2.0312500000000018,11.724612139129022,99.79375,12.642183250976814,73.39375,11.1860047673581,74.115625,14.187177889514714,1,16.254677394426835,75.76562499999999,18.27204660609641,,,,,,,,,,,,,,,,,,,,,,,,,,,,,,,,,,,,,,,,,,,,,,,153,001,2019_Sep_03_1613,Experiment 1_July3,3.1.0,60.00130416822486,
Visual,Lemon,Lemon,Citron,C:\Users\subic\Desktop\Experiment 1\Images\lemon.jpg,Olfactory,Lavender,Lavender,Lavendel,Lavender,0.723139952,8,,,,,,,,,,,,,,,0,0,0,0,0,2,2,4,,,,,,,,,,,,,,,,,,,,,,,,,,,,,,,,,,,,,,,,,,,,,,,,,,,83.49999999999999,10.185128095519758,99.79375,11.352883356757957,1,21.986677244691236,1.4124999999999985,18.70515207720382,63.90624999999999,12.868840353952692,78.034375,18.103596407334408,1,19.0370925166535,73.909375,22.60527669501971,,,,,,,,,,,,,,,,,,,,,,,,,,,,,,,,,,,,,,,,,,,,,,,153,001,2019_Sep_03_1613,Experiment 1_July3,3.1.0,60.00130416822486,
Visual,Pear,Pear,Päron,C:\Users\subic\Desktop\Experiment 1\Images\pear.jpg,Olfactory,Pear,Pear,Päron,Pear,0.506764709,2,,,,,,,,,,,,,,,0,0,0,0,0,3,3,7,,,,,,,,,,,,,,,,,,,,,,,,,,,,,,,,,,,,,,,,,,,,,,,,,,,66.175,11.30367864060463,100.0,12.604581153729669,98.865625,13.23919375172045,1.6187499999999977,14.490180913187942,71.125,9.505737008108554,86.903125,12.939950394378684,86.078125,13.624093743506819,1.6187499999999977,14.825093704868777,,,,,,,,,,,,,,,,,,,,,,,,,,,,,,,,,,,,,,,,,,,,,,,153,001,2019_Sep_03_1613,Experiment 1_July3,3.1.0,60.00130416822486,
Visual,Lilac,Lilac,Syrén,C:\Users\subic\Desktop\Experiment 1\Images\lilac.jpg,Olfactory,Lemon,Lemon,Citron,Lemon,0.133291913,1,,,,,,,,,,,,,,,0,0,0,0,0,4,4,2,,,,,,,,,,,,,,,,,,,,,,,,,,,,,,,,,,,,,,,,,,,,,,,,,,,38.125,11.568326667729707,48.23125,14.102665396338125,1.0,18.069994276276702,99.48437500000001,19.887484120888985,61.01875,13.859679978555505,71.22812499999999,15.910927847253333,78.034375,23.994707365494833,1,24.828678278343432,,,,,,,,,,,,,,,,,,,,,,,,,,,,,,,,,,,,,,,,,,,,,,,153,001,2019_Sep_03_1613,Experiment 1_July3,3.1.0,60.00130416822486,
Visual,Lilac,Lilac,Syrén,C:\Users\subic\Desktop\Experiment 1\Images\lilac.jpg,Olfactory,Lavender,Lavender,Lavendel,Lavender,0.997724277,8,,,,,,,,,,,,,,,0,0,0,0,0,5,5,3,,,,,,,,,,,,,,,,,,,,,,,,,,,,,,,,,,,,,,,,,,,,,,,,,,,71.74375,10.607874107026873,71.021875,12.925334366984316,2.546875,16.72622601227704,99.79375,17.443653306479973,68.2375,12.4183723126298,34.61875,13.252971748464915,3.6812500000000012,14.687212908087531,81.025,15.737732631994731,,,,,,,,,,,,,,,,,,,,,,,,,,,,,,,,,,,,,,,,,,,,,,,153,001,2019_Sep_03_1613,Experiment 1_July3,3.1.0,60.00130416822486,
Visual,Pear,Pear,Päron,C:\Users\subic\Desktop\Experiment 1\Images\pear.jpg,Olfactory,Lemon,Lemon,Citron,Lemon,0.083477657,1,,,,,,,,,,,,,,,0,0,0,0,0,6,6,6,,,,,,,,,,,,,,,,,,,,,,,,,,,,,,,,,,,,,,,,,,,,,,,,,,,68.85625,9.57145358469279,98.96874999999999,10.339192906445533,99.79375,10.873336617834866,2.3406250000000006,11.841081494254468,53.18125,10.505192408942094,57.512499999999996,12.872664623515448,58.75000000000001,14.79023754667287,52.768750000000004,15.85856602570857,,,,,,,,,,,,,,,,,,,,,,,,,,,,,,,,,,,,,,,,,,,,,,,153,001,2019_Sep_03_1613,Experiment 1_July3,3.1.0,60.00130416822486,
Visual,Lemon,Lemon,Citron,C:\Users\subic\Desktop\Experiment 1\Images\lemon.jpg,Olfactory,Lilac,Lilac,Syrén,Lilac,0.929012157,4,,,,,,,,,,,,,,,0,0,0,0,0,7,7,5,,,,,,,,,,,,,,,,,,,,,,,,,,,,,,,,,,,,,,,,,,,,,,,,,,,75.559375,9.85568363497805,99.175,10.523314519909036,99.5875,12.27455164152343,1.5156249999999982,13.008505286597938,75.25,10.622408625680691,78.44687499999999,11.424174527732248,10.384375,14.958683519053011,81.23125,13.608547912652284,,,,,,,,,,,,,,,,,,,,,,,,,,,,,,,,,,,,,,,,,,,,,,,153,001,2019_Sep_03_1613,Experiment 1_July3,3.1.0,60.00130416822486,
,,,,,,,,,,,,,,,,,,,,,,,,,,0,0,0,0,,,,,,,,,,,,,,,,,,,,,,,,,,,,,,,,,,,,,,,,,,,,,,,,,,,,,,,,,,,,,,,,,,,,,,,,,,,,,,,,,,,,,,,,,,,,,,,,,,,,,,,,,,,,,,,,,,,,,153,001,2019_Sep_03_1613,Experiment 1_July3,3.1.0,60.00130416822486,
,,,,,,,,,,,,,,,,,,,,,,,,,,,,,,,,,,,,,,,,,,,,,,,,,,,,,,,,,,,,,,,,,,,,,,,,,,,,,,,,,,,,,,,,,,,,,,,,,,,,space,103.43034262653964,,,,,,,,,,,,,,,,,,,,,,,,,,,,,,,,,,,,,,,,,,,,,153,001,2019_Sep_03_1613,Experiment 1_July3,3.1.0,60.00130416822486,
,,,,,,,,,,0.242473894,,VisualStimulus,Flower,Lilac,Lilac,C:\Users\subic\Desktop\Experiment 1\Sounds\LILAC.wav,yes,C:\Users\subic\Desktop\Experiment 1\Images\lilac.jpg,n,,,,,,,,,,,,,,,0,0,0,0,,,,,,,,,,,,,,,,,,,,,,,,,,,,,,,,,,,,,,,,,,,,,,,,,,,,,,,,,,,,,,,,,n,1,0.7004306076814828,,,,,,,,,,,,,,,,,,,,,,,,,,,,,,,,,,,,,,,,,,153,001,2019_Sep_03_1613,Experiment 1_July3,3.1.0,60.00130416822486,
,,,,,,,,,,0.046219304,,VisualStimulus,Fruit,Pear,Pear,C:\Users\subic\Desktop\Experiment 1\Sounds\PEAR.wav,yes,C:\Users\subic\Desktop\Experiment 1\Images\pear.jpg,n,,,,,,,,,,,,,,,0,1,1,1,,,,,,,,,,,,,,,,,,,,,,,,,,,,,,,,,,,,,,,,,,,,,,,,,,,,,,,,,,,,,,,,,n,1,0.5337246960625635,,,,,,,,,,,,,,,,,,,,,,,,,,,,,,,,,,,,,,,,,,153,001,2019_Sep_03_1613,Experiment 1_July3,3.1.0,60.00130416822486,
,,,,,,,,,,0.906120518,,VisualStimulus,Flower,Lavender,Lavender,C:\Users\subic\Desktop\Experiment 1\Sounds\LAVENDER.wav,yes,C:\Users\subic\Desktop\Experiment 1\Images\lavender.jpg,n,,,,,,,,,,,,,,,0,2,2,2,,,,,,,,,,,,,,,,,,,,,,,,,,,,,,,,,,,,,,,,,,,,,,,,,,,,,,,,,,,,,,,,,n,1,0.6171123685599014,,,,,,,,,,,,,,,,,,,,,,,,,,,,,,,,,,,,,,,,,,153,001,2019_Sep_03_1613,Experiment 1_July3,3.1.0,60.00130416822486,
,,,,,,,,,,0.084246868,,VisualStimulus,Fruit,Lemon,Lemon,C:\Users\subic\Desktop\Experiment 1\Sounds\LEMON.wav,yes,C:\Users\subic\Desktop\Experiment 1\Images\lemon.jpg,n,,,,,,,,,,,,,,,0,3,3,3,,,,,,,,,,,,,,,,,,,,,,,,,,,,,,,,,,,,,,,,,,,,,,,,,,,,,,,,,,,,,,,,,n,1,0.3837449826824013,,,,,,,,,,,,,,,,,,,,,,,,,,,,,,,,,,,,,,,,,,153,001,2019_Sep_03_1613,Experiment 1_July3,3.1.0,60.00130416822486,
,,,,,,,,,,,,,,,,,,,,,,,,,,,,,,,,,,,,,,,,,,,,,,,,,,,,,,,,,,,,,,,,,,,,,,,,,,,,,,,,,,,,,,,,,,,,,,,,,,,,,,,,,space,35.88254650224917,,,,,,,,,,,,,,,,,,,,,,,,,,,,,,,,,,,,,,,,153,001,2019_Sep_03_1613,Experiment 1_July3,3.1.0,60.00130416822486,
,,,,,,,,,,0.263244177,2,OlfactoryStimulus,Fruit,Pear,Pear,C:\Users\subic\Desktop\Experiment 1\Sounds\PEAR.wav,yes,None,n,Pear,,,,,,,,,,,,,,,,,,0,0,0,0,,,,,,,,,,,,,,,,,,,,,,,,,,,,,,,,,,,,,,,,,,,,,,,,,,,,,,,,,,,,,,,,,,None,0,,,,,,,,,,,,,,,,,,,,,,,,,,,,,,,,,,,,,,153,001,2019_Sep_03_1613,Experiment 1_July3,3.1.0,60.00130416822486,
,,,,,,,,,,0.166173162,8,OlfactoryStimulus,Flower,Lavender,Lavender,C:\Users\subic\Desktop\Experiment 1\Sounds\LAVENDER.wav,yes,None,n,Lavender,,,,,,,,,,,,,,,,,,0,1,1,1,,,,,,,,,,,,,,,,,,,,,,,,,,,,,,,,,,,,,,,,,,,,,,,,,,,,,,,,,,,,,,,,,,m,0,3.1503015219786903,,,,,,,,,,,,,,,,,,,,,,,,,,,,,,,,,,,,,153,001,2019_Sep_03_1613,Experiment 1_July3,3.1.0,60.00130416822486,
,,,,,,,,,,0.99592182,1,OlfactoryStimulus,Fruit,Lemon,Lemon,C:\Users\subic\Desktop\Experiment 1\Sounds\LEMON.wav,yes,None,n,Lemon,,,,,,,,,,,,,,,,,,0,2,2,2,,,,,,,,,,,,,,,,,,,,,,,,,,,,,,,,,,,,,,,,,,,,,,,,,,,,,,,,,,,,,,,,,,n,1,2.4832750093009963,,,,,,,,,,,,,,,,,,,,,,,,,,,,,,,,,,,,,153,001,2019_Sep_03_1613,Experiment 1_July3,3.1.0,60.00130416822486,
,,,,,,,,,,0.368748025,4,OlfactoryStimulus,Flower,Lilac,Lilac,C:\Users\subic\Desktop\Experiment 1\Sounds\LILAC.wav,yes,None,n,Lilac,,,,,,,,,,,,,,,,,,0,3,3,3,,,,,,,,,,,,,,,,,,,,,,,,,,,,,,,,,,,,,,,,,,,,,,,,,,,,,,,,,,,,,,,,,,m,0,2.916958286841691,,,,,,,,,,,,,,,,,,,,,,,,,,,,,,,,,,,,,153,001,2019_Sep_03_1613,Experiment 1_July3,3.1.0,60.00130416822486,
,,,,,,,,,,,,,,,,,,,,,,,,,,,,,,,,,,,,,,,,,,,,,,,,,,,,,,,,,,,,,,,,,,,,,,,,,,,,,,,,,,,,,,,,,,,,,,,,,,,,,,,,,,,,,,space,29.799378601477656,,,,,,,,,,,,,,,,,,,,,,,,,,,,,,,,,,,153,001,2019_Sep_03_1613,Experiment 1_July3,3.1.0,60.00130416822486,
,,,,,,,,,,0.401848675,2,OlfactoryCategory,Fruit,Pear,Fruit,C:\Users\subic\Desktop\Experiment 1\Sounds\FRUIT.wav,yes,,n,Pear,0,2,0,0,C:\Users\subic\Desktop\Experiment 1\Sounds\FRUKT.wav,,,,,,,,,,,,,,,,,0,0,0,1,,,,,0,0,0,0,0,0,0,0,,,,,,,,,,,,,,,,,,,,,,,,,,,,,,,,,,,,,,,,,,,,,,,,,,,,,,,887.4701907425406,None,space,76.4644905643072,n,1,2.2836323194824217,,,,,,,,,,,,,,,,,,,,,,,,,,,,153,001,2019_Sep_03_1613,Experiment 1_July3,3.1.0,60.00130416822486,
,,,,,,,,,,0.077487245,8,OlfactoryCategory,Flower,Lavender,Flower,C:\Users\subic\Desktop\Experiment 1\Sounds\FLOWER.wav,yes,,n,Lavender,0,2,0,0,C:\Users\subic\Desktop\Experiment 1\Sounds\BLOMMA.wav,,,,,,,,,,,,,,,,,0,0,0,1,,,,,0,0,0,0,0,1,1,1,,,,,,,,,,,,,,,,,,,,,,,,,,,,,,,,,,,,,,,,,,,,,,,,,,,,,,,,,,,n,1,1.4336524853533774,,,,,,,,,,,,,,,,,,,,,,,,,,,,153,001,2019_Sep_03_1613,Experiment 1_July3,3.1.0,60.00130416822486,
,,,,,,,,,,0.23214394,2,OlfactoryCategory,Fruit,Pear,Fruit,C:\Users\subic\Desktop\Experiment 1\Sounds\FRUIT.wav,yes,,n,Pear,0,2,0,0,C:\Users\subic\Desktop\Experiment 1\Sounds\FRUKT.wav,,,,,,,,,,,,,,,,,0,0,0,1,,,,,0,0,0,0,0,2,2,2,,,,,,,,,,,,,,,,,,,,,,,,,,,,,,,,,,,,,,,,,,,,,,,,,,,,,,,,,,,n,1,1.4836710814197431,,,,,,,,,,,,,,,,,,,,,,,,,,,,153,001,2019_Sep_03_1613,Experiment 1_July3,3.1.0,60.00130416822486,
,,,,,,,,,,0.358393009,1,OlfactoryCategory,Fruit,Lemon,Flower,C:\Users\subic\Desktop\Experiment 1\Sounds\FLOWER.wav,no,,m,Lemon,0,2,0,0,C:\Users\subic\Desktop\Experiment 1\Sounds\BLOMMA.wav,,,,,,,,,,,,,,,,,0,0,0,1,,,,,0,0,0,0,0,3,3,3,,,,,,,,,,,,,,,,,,,,,,,,,,,,,,,,,,,,,,,,,,,,,,,,,,,,,,,,,,,m,1,1.2503393178885744,,,,,,,,,,,,,,,,,,,,,,,,,,,,153,001,2019_Sep_03_1613,Experiment 1_July3,3.1.0,60.00130416822486,
,,,,,,,,,,0.664388865,8,OlfactoryCategory,Flower,Lavender,Flower,C:\Users\subic\Desktop\Experiment 1\Sounds\FLOWER.wav,yes,,n,Lavender,0,2,0,0,C:\Users\subic\Desktop\Experiment 1\Sounds\BLOMMA.wav,,,,,,,,,,,,,,,,,0,0,0,1,,,,,0,0,0,0,0,4,4,4,,,,,,,,,,,,,,,,,,,,,,,,,,,,,,,,,,,,,,,,,,,,,,,,,,,,,,,,,,,n,1,1.7003038162984012,,,,,,,,,,,,,,,,,,,,,,,,,,,,153,001,2019_Sep_03_1613,Experiment 1_July3,3.1.0,60.00130416822486,
,,,,,,,,,,0.621454325,1,OlfactoryCategory,Fruit,Lemon,Fruit,C:\Users\subic\Desktop\Experiment 1\Sounds\FRUIT.wav,yes,,n,Lemon,0,2,0,0,C:\Users\subic\Desktop\Experiment 1\Sounds\FRUKT.wav,,,,,,,,,,,,,,,,,0,0,0,1,,,,,0,0,0,0,0,5,5,5,,,,,,,,,,,,,,,,,,,,,,,,,,,,,,,,,,,,,,,,,,,,,,,,,,,,,,,,,,,n,1,1.7336626286632963,,,,,,,,,,,,,,,,,,,,,,,,,,,,153,001,2019_Sep_03_1613,Experiment 1_July3,3.1.0,60.00130416822486,
,,,,,,,,,,0.652212245,2,OlfactoryCategory,Fruit,Pear,Flower,C:\Users\subic\Desktop\Experiment 1\Sounds\FLOWER.wav,no,,m,Pear,0,2,0,0,C:\Users\subic\Desktop\Experiment 1\Sounds\BLOMMA.wav,,,,,,,,,,,,,,,,,0,0,0,1,,,,,0,0,0,0,0,6,6,6,,,,,,,,,,,,,,,,,,,,,,,,,,,,,,,,,,,,,,,,,,,,,,,,,,,,,,,,,,,n,0,1.5669210947053216,,,,,,,,,,,,,,,,,,,,,,,,,,,,153,001,2019_Sep_03_1613,Experiment 1_July3,3.1.0,60.00130416822486,
,,,,,,,,,,0.534401223,8,OlfactoryCategory,Flower,Lavender,Flower,C:\Users\subic\Desktop\Experiment 1\Sounds\FLOWER.wav,yes,,n,Lavender,0,2,0,0,C:\Users\subic\Desktop\Experiment 1\Sounds\BLOMMA.wav,,,,,,,,,,,,,,,,,0,0,0,1,,,,,0,0,0,0,0,7,7,7,,,,,,,,,,,,,,,,,,,,,,,,,,,,,,,,,,,,,,,,,,,,,,,,,,,,,,,,,,,n,1,1.3003651591752714,,,,,,,,,,,,,,,,,,,,,,,,,,,,153,001,2019_Sep_03_1613,Experiment 1_July3,3.1.0,60.00130416822486,
,,,,,,,,,,0.265472167,4,OlfactoryCategory,Flower,Lilac,Fruit,C:\Users\subic\Desktop\Experiment 1\Sounds\FRUIT.wav,no,,m,Lilac,0,2,0,0,C:\Users\subic\Desktop\Experiment 1\Sounds\FRUKT.wav,,,,,,,,,,,,,,,,,0,0,0,1,,,,,0,0,0,0,0,8,8,8,,,,,,,,,,,,,,,,,,,,,,,,,,,,,,,,,,,,,,,,,,,,,,,,,,,,,,,,,,,m,1,3.4002779750117043,,,,,,,,,,,,,,,,,,,,,,,,,,,,153,001,2019_Sep_03_1613,Experiment 1_July3,3.1.0,60.00130416822486,
,,,,,,,,,,0.123268127,8,OlfactoryCategory,Flower,Lavender,Fruit,C:\Users\subic\Desktop\Experiment 1\Sounds\FRUIT.wav,no,,m,Lavender,0,2,0,0,C:\Users\subic\Desktop\Experiment 1\Sounds\FRUKT.wav,,,,,,,,,,,,,,,,,0,0,0,1,,,,,0,0,0,0,0,9,9,9,,,,,,,,,,,,,,,,,,,,,,,,,,,,,,,,,,,,,,,,,,,,,,,,,,,,,,,,,,,m,1,1.650008694268763,,,,,,,,,,,,,,,,,,,,,,,,,,,,153,001,2019_Sep_03_1613,Experiment 1_July3,3.1.0,60.00130416822486,
,,,,,,,,,,0.251953893,4,OlfactoryCategory,Flower,Lilac,Flower,C:\Users\subic\Desktop\Experiment 1\Sounds\FLOWER.wav,yes,,n,Lilac,0,2,0,0,C:\Users\subic\Desktop\Experiment 1\Sounds\BLOMMA.wav,,,,,,,,,,,,,,,,,0,0,0,1,,,,,0,0,0,0,0,10,10,10,,,,,,,,,,,,,,,,,,,,,,,,,,,,,,,,,,,,,,,,,,,,,,,,,,,,,,,,,,,n,1,2.116909502346971,,,,,,,,,,,,,,,,,,,,,,,,,,,,153,001,2019_Sep_03_1613,Experiment 1_July3,3.1.0,60.00130416822486,
,,,,,,,,,,0.172044978,2,OlfactoryCategory,Fruit,Pear,Flower,C:\Users\subic\Desktop\Experiment 1\Sounds\FLOWER.wav,no,,m,Pear,0,2,0,0,C:\Users\subic\Desktop\Experiment 1\Sounds\BLOMMA.wav,,,,,,,,,,,,,,,,,0,0,0,1,,,,,0,0,0,0,0,11,11,11,,,,,,,,,,,,,,,,,,,,,,,,,,,,,,,,,,,,,,,,,,,,,,,,,,,,,,,,,,,n,0,1.233521950605791,,,,,,,,,,,,,,,,,,,,,,,,,,,,153,001,2019_Sep_03_1613,Experiment 1_July3,3.1.0,60.00130416822486,
,,,,,,,,,,0.956760118,1,OlfactoryCategory,Fruit,Lemon,Fruit,C:\Users\subic\Desktop\Experiment 1\Sounds\FRUIT.wav,yes,,n,Lemon,0,2,0,0,C:\Users\subic\Desktop\Experiment 1\Sounds\FRUKT.wav,,,,,,,,,,,,,,,,,0,0,0,1,,,,,0,0,0,0,0,12,12,12,,,,,,,,,,,,,,,,,,,,,,,,,,,,,,,,,,,,,,,,,,,,,,,,,,,,,,,,,,,m,0,2.4002978993703437,,,,,,,,,,,,,,,,,,,,,,,,,,,,153,001,2019_Sep_03_1613,Experiment 1_July3,3.1.0,60.00130416822486,
,,,,,,,,,,0.341669321,2,OlfactoryCategory,Fruit,Pear,Fruit,C:\Users\subic\Desktop\Experiment 1\Sounds\FRUIT.wav,yes,,n,Pear,0,2,0,0,C:\Users\subic\Desktop\Experiment 1\Sounds\FRUKT.wav,,,,,,,,,,,,,,,,,0,0,0,1,,,,,0,0,0,0,0,13,13,13,,,,,,,,,,,,,,,,,,,,,,,,,,,,,,,,,,,,,,,,,,,,,,,,,,,,,,,,,,,n,1,1.7837198659144633,,,,,,,,,,,,,,,,,,,,,,,,,,,,153,001,2019_Sep_03_1613,Experiment 1_July3,3.1.0,60.00130416822486,
,,,,,,,,,,0.983000841,1,OlfactoryCategory,Fruit,Lemon,Fruit,C:\Users\subic\Desktop\Experiment 1\Sounds\FRUIT.wav,yes,,n,Lemon,0,2,0,0,C:\Users\subic\Desktop\Experiment 1\Sounds\FRUKT.wav,,,,,,,,,,,,,,,,,0,0,0,1,,,,,0,0,0,0,0,14,14,14,,,,,,,,,,,,,,,,,,,,,,,,,,,,,,,,,,,,,,,,,,,,,,,,,,,,,,,,,,,m,0,2.6335113242821535,,,,,,,,,,,,,,,,,,,,,,,,,,,,153,001,2019_Sep_03_1613,Experiment 1_July3,3.1.0,60.00130416822486,
,,,,,,,,,,0.666475606,4,OlfactoryCategory,Flower,Lilac,Flower,C:\Users\subic\Desktop\Experiment 1\Sounds\FLOWER.wav,yes,,n,Lilac,0,2,0,0,C:\Users\subic\Desktop\Experiment 1\Sounds\BLOMMA.wav,,,,,,,,,,,,,,,,,0,0,0,1,,,,,0,0,0,0,0,15,15,15,,,,,,,,,,,,,,,,,,,,,,,,,,,,,,,,,,,,,,,,,,,,,,,,,,,,,,,,,,,n,1,1.4504680413265305,,,,,,,,,,,,,,,,,,,,,,,,,,,,153,001,2019_Sep_03_1613,Experiment 1_July3,3.1.0,60.00130416822486,
,,,,,,,,,,0.483776196,8,OlfactoryCategory,Flower,Lavender,Fruit,C:\Users\subic\Desktop\Experiment 1\Sounds\FRUIT.wav,no,,m,Lavender,0,2,0,0,C:\Users\subic\Desktop\Experiment 1\Sounds\FRUKT.wav,,,,,,,,,,,,,,,,,0,0,0,1,,,,,0,0,0,0,0,16,16,16,,,,,,,,,,,,,,,,,,,,,,,,,,,,,,,,,,,,,,,,,,,,,,,,,,,,,,,,,,,m,1,1.5670358107163338,,,,,,,,,,,,,,,,,,,,,,,,,,,,153,001,2019_Sep_03_1613,Experiment 1_July3,3.1.0,60.00130416822486,
,,,,,,,,,,0.694181608,4,OlfactoryCategory,Flower,Lilac,Fruit,C:\Users\subic\Desktop\Experiment 1\Sounds\FRUIT.wav,no,,m,Lilac,0,2,0,0,C:\Users\subic\Desktop\Experiment 1\Sounds\FRUKT.wav,,,,,,,,,,,,,,,,,0,0,0,1,,,,,0,0,0,0,0,17,17,17,,,,,,,,,,,,,,,,,,,,,,,,,,,,,,,,,,,,,,,,,,,,,,,,,,,,,,,,,,,m,1,1.567079885815474,,,,,,,,,,,,,,,,,,,,,,,,,,,,153,001,2019_Sep_03_1613,Experiment 1_July3,3.1.0,60.00130416822486,
,,,,,,,,,,0.966363567,2,OlfactoryCategory,Fruit,Pear,Flower,C:\Users\subic\Desktop\Experiment 1\Sounds\FLOWER.wav,no,,m,Pear,0,2,0,0,C:\Users\subic\Desktop\Experiment 1\Sounds\BLOMMA.wav,,,,,,,,,,,,,,,,,0,0,0,1,,,,,0,0,0,0,0,18,18,18,,,,,,,,,,,,,,,,,,,,,,,,,,,,,,,,,,,,,,,,,,,,,,,,,,,,,,,,,,,m,1,2.033361227437126,,,,,,,,,,,,,,,,,,,,,,,,,,,,153,001,2019_Sep_03_1613,Experiment 1_July3,3.1.0,60.00130416822486,
,,,,,,,,,,0.750421049,4,OlfactoryCategory,Flower,Lilac,Fruit,C:\Users\subic\Desktop\Experiment 1\Sounds\FRUIT.wav,no,,m,Lilac,0,2,0,0,C:\Users\subic\Desktop\Experiment 1\Sounds\FRUKT.wav,,,,,,,,,,,,,,,,,0,0,0,1,,,,,0,0,0,0,0,19,19,19,,,,,,,,,,,,,,,,,,,,,,,,,,,,,,,,,,,,,,,,,,,,,,,,,,,,,,,,,,,n,0,1.86690889858437,,,,,,,,,,,,,,,,,,,,,,,,,,,,153,001,2019_Sep_03_1613,Experiment 1_July3,3.1.0,60.00130416822486,
,,,,,,,,,,0.456802308,1,OlfactoryCategory,Fruit,Lemon,Flower,C:\Users\subic\Desktop\Experiment 1\Sounds\FLOWER.wav,no,,m,Lemon,0,2,0,0,C:\Users\subic\Desktop\Experiment 1\Sounds\BLOMMA.wav,,,,,,,,,,,,,,,,,0,0,0,1,,,,,0,0,0,0,0,20,20,20,,,,,,,,,,,,,,,,,,,,,,,,,,,,,,,,,,,,,,,,,,,,,,,,,,,,,,,,,,,m,1,1.6836361836030846,,,,,,,,,,,,,,,,,,,,,,,,,,,,153,001,2019_Sep_03_1613,Experiment 1_July3,3.1.0,60.00130416822486,
,,,,,,,,,,0.232266561,4,OlfactoryCategory,Flower,Lilac,Flower,C:\Users\subic\Desktop\Experiment 1\Sounds\FLOWER.wav,yes,,n,Lilac,0,2,0,0,C:\Users\subic\Desktop\Experiment 1\Sounds\BLOMMA.wav,,,,,,,,,,,,,,,,,0,0,0,1,,,,,0,0,0,0,0,21,21,21,,,,,,,,,,,,,,,,,,,,,,,,,,,,,,,,,,,,,,,,,,,,,,,,,,,,,,,,,,,n,1,2.6501849946616858,,,,,,,,,,,,,,,,,,,,,,,,,,,,153,001,2019_Sep_03_1613,Experiment 1_July3,3.1.0,60.00130416822486,
,,,,,,,,,,0.737600317,1,OlfactoryCategory,Fruit,Lemon,Flower,C:\Users\subic\Desktop\Experiment 1\Sounds\FLOWER.wav,no,,m,Lemon,0,2,0,0,C:\Users\subic\Desktop\Experiment 1\Sounds\BLOMMA.wav,,,,,,,,,,,,,,,,,0,0,0,1,,,,,0,0,0,0,0,22,22,22,,,,,,,,,,,,,,,,,,,,,,,,,,,,,,,,,,,,,,,,,,,,,,,,,,,,,,,,,,,m,1,3.450288722087862,,,,,,,,,,,,,,,,,,,,,,,,,,,,153,001,2019_Sep_03_1613,Experiment 1_July3,3.1.0,60.00130416822486,
,,,,,,,,,,0.844499288,8,OlfactoryCategory,Flower,Lavender,Fruit,C:\Users\subic\Desktop\Experiment 1\Sounds\FRUIT.wav,no,,m,Lavender,0,2,0,0,C:\Users\subic\Desktop\Experiment 1\Sounds\FRUKT.wav,,,,,,,,,,,,,,,,,0,0,0,1,,,,,0,0,0,0,0,23,23,23,,,,,,,,,,,,,,,,,,,,,,,,,,,,,,,,,,,,,,,,,,,,,,,,,,,,,,,,,,,m,1,1.583285635620996,,,,,,,,,,,,,,,,,,,,,,,,,,,,153,001,2019_Sep_03_1613,Experiment 1_July3,3.1.0,60.00130416822486,
,,,,,,,,,,,,,,,,,,,,,0,2,0,0,,,,,,,,,,,,,,,,,,0,0,0,1,,,,,0,0,0,0,,,,,,,,,,,,,,,,,,,,,,,,,,,,,,,,,,,,,,,,,,,,,,,,,,,,,,,,,,,,,,,,,,space,2.200298986150301,,,,,,,,,,,,,,,,,,,,,,,,,,153,001,2019_Sep_03_1613,Experiment 1_July3,3.1.0,60.00130416822486,
,,,,,,,,,,0.228814677,8,OlfactoryCategory,Flower,Lavender,Fruit,C:\Users\subic\Desktop\Experiment 1\Sounds\FRUIT.wav,no,,m,Lavender,0,2,0,0,None,,,,,,,,,,,,,,,,,0,0,0,1,,,,,1,0,1,0,0,0,0,0,,,,,,,,,,,,,,,,,,,,,,,,,,,,,,,,,,,,,,,,,,,,,,,,,,,,,,,1222.275823177948,None,space,11.466734167981485,m,1,1.1670192674573627,,,,,,,,,,,,,,,,,,,,,,,,,,,,153,001,2019_Sep_03_1613,Experiment 1_July3,3.1.0,60.00130416822486,
,,,,,,,,,,0.605467805,4,OlfactoryCategory,Flower,Lilac,Flower,C:\Users\subic\Desktop\Experiment 1\Sounds\FLOWER.wav,yes,,n,Lilac,0,2,0,0,None,,,,,,,,,,,,,,,,,0,0,0,1,,,,,1,0,1,0,0,1,1,1,,,,,,,,,,,,,,,,,,,,,,,,,,,,,,,,,,,,,,,,,,,,,,,,,,,,,,,,,,,n,1,1.7503266387502663,,,,,,,,,,,,,,,,,,,,,,,,,,,,153,001,2019_Sep_03_1613,Experiment 1_July3,3.1.0,60.00130416822486,
,,,,,,,,,,0.348317625,2,OlfactoryCategory,Fruit,Pear,Fruit,C:\Users\subic\Desktop\Experiment 1\Sounds\FRUIT.wav,yes,,n,Pear,0,2,0,0,None,,,,,,,,,,,,,,,,,0,0,0,1,,,,,1,0,1,0,0,2,2,2,,,,,,,,,,,,,,,,,,,,,,,,,,,,,,,,,,,,,,,,,,,,,,,,,,,,,,,,,,,n,1,1.583911139769043,,,,,,,,,,,,,,,,,,,,,,,,,,,,153,001,2019_Sep_03_1613,Experiment 1_July3,3.1.0,60.00130416822486,
,,,,,,,,,,0.636103926,1,OlfactoryCategory,Fruit,Lemon,Fruit,C:\Users\subic\Desktop\Experiment 1\Sounds\FRUIT.wav,yes,,n,Lemon,0,2,0,0,None,,,,,,,,,,,,,,,,,0,0,0,1,,,,,1,0,1,0,0,3,3,3,,,,,,,,,,,,,,,,,,,,,,,,,,,,,,,,,,,,,,,,,,,,,,,,,,,,,,,,,,,n,1,1.8503076804190641,,,,,,,,,,,,,,,,,,,,,,,,,,,,153,001,2019_Sep_03_1613,Experiment 1_July3,3.1.0,60.00130416822486,
,,,,,,,,,,0.624245041,2,OlfactoryCategory,Fruit,Pear,Fruit,C:\Users\subic\Desktop\Experiment 1\Sounds\FRUIT.wav,yes,,n,Pear,0,2,0,0,None,,,,,,,,,,,,,,,,,0,0,0,1,,,,,1,0,1,0,0,4,4,4,,,,,,,,,,,,,,,,,,,,,,,,,,,,,,,,,,,,,,,,,,,,,,,,,,,,,,,,,,,n,1,2.166924475808628,,,,,,,,,,,,,,,,,,,,,,,,,,,,153,001,2019_Sep_03_1613,Experiment 1_July3,3.1.0,60.00130416822486,
,,,,,,,,,,0.049120099,8,OlfactoryCategory,Flower,Lavender,Flower,C:\Users\subic\Desktop\Experiment 1\Sounds\FLOWER.wav,yes,,n,Lavender,0,2,0,0,None,,,,,,,,,,,,,,,,,0,0,0,1,,,,,1,0,1,0,0,5,5,5,,,,,,,,,,,,,,,,,,,,,,,,,,,,,,,,,,,,,,,,,,,,,,,,,,,,,,,,,,,n,1,1.7503592422472138,,,,,,,,,,,,,,,,,,,,,,,,,,,,153,001,2019_Sep_03_1613,Experiment 1_July3,3.1.0,60.00130416822486,
,,,,,,,,,,0.451594362,1,OlfactoryCategory,Fruit,Lemon,Flower,C:\Users\subic\Desktop\Experiment 1\Sounds\FLOWER.wav,no,,m,Lemon,0,2,0,0,None,,,,,,,,,,,,,,,,,0,0,0,1,,,,,1,0,1,0,0,6,6,6,,,,,,,,,,,,,,,,,,,,,,,,,,,,,,,,,,,,,,,,,,,,,,,,,,,,,,,,,,,m,1,2.7669894412974827,,,,,,,,,,,,,,,,,,,,,,,,,,,,153,001,2019_Sep_03_1613,Experiment 1_July3,3.1.0,60.00130416822486,
,,,,,,,,,,0.388031293,4,OlfactoryCategory,Flower,Lilac,Flower,C:\Users\subic\Desktop\Experiment 1\Sounds\FLOWER.wav,yes,,n,Lilac,0,2,0,0,None,,,,,,,,,,,,,,,,,0,0,0,1,,,,,1,0,1,0,0,7,7,7,,,,,,,,,,,,,,,,,,,,,,,,,,,,,,,,,,,,,,,,,,,,,,,,,,,,,,,,,,,n,1,2.6002491148756235,,,,,,,,,,,,,,,,,,,,,,,,,,,,153,001,2019_Sep_03_1613,Experiment 1_July3,3.1.0,60.00130416822486,
,,,,,,,,,,0.458853927,2,OlfactoryCategory,Fruit,Pear,Fruit,C:\Users\subic\Desktop\Experiment 1\Sounds\FRUIT.wav,yes,,n,Pear,0,2,0,0,None,,,,,,,,,,,,,,,,,0,0,0,1,,,,,1,0,1,0,0,8,8,8,,,,,,,,,,,,,,,,,,,,,,,,,,,,,,,,,,,,,,,,,,,,,,,,,,,,,,,,,,,n,1,2.6003873778572597,,,,,,,,,,,,,,,,,,,,,,,,,,,,153,001,2019_Sep_03_1613,Experiment 1_July3,3.1.0,60.00130416822486,
,,,,,,,,,,0.191072896,1,OlfactoryCategory,Fruit,Lemon,Flower,C:\Users\subic\Desktop\Experiment 1\Sounds\FLOWER.wav,no,,m,Lemon,0,2,0,0,None,,,,,,,,,,,,,,,,,0,0,0,1,,,,,1,0,1,0,0,9,9,9,,,,,,,,,,,,,,,,,,,,,,,,,,,,,,,,,,,,,,,,,,,,,,,,,,,,,,,,,,,m,1,2.4837145527526445,,,,,,,,,,,,,,,,,,,,,,,,,,,,153,001,2019_Sep_03_1613,Experiment 1_July3,3.1.0,60.00130416822486,
,,,,,,,,,,0.479168762,8,OlfactoryCategory,Flower,Lavender,Flower,C:\Users\subic\Desktop\Experiment 1\Sounds\FLOWER.wav,yes,,n,Lavender,0,2,0,0,None,,,,,,,,,,,,,,,,,0,0,0,1,,,,,1,0,1,0,0,10,10,10,,,,,,,,,,,,,,,,,,,,,,,,,,,,,,,,,,,,,,,,,,,,,,,,,,,,,,,,,,,n,1,1.4170041732468235,,,,,,,,,,,,,,,,,,,,,,,,,,,,153,001,2019_Sep_03_1613,Experiment 1_July3,3.1.0,60.00130416822486,
,,,,,,,,,,0.265277756,4,OlfactoryCategory,Flower,Lilac,Fruit,C:\Users\subic\Desktop\Experiment 1\Sounds\FRUIT.wav,no,,m,Lilac,0,2,0,0,None,,,,,,,,,,,,,,,,,0,0,0,1,,,,,1,0,1,0,0,11,11,11,,,,,,,,,,,,,,,,,,,,,,,,,,,,,,,,,,,,,,,,,,,,,,,,,,,,,,,,,,,m,1,1.9835811199191085,,,,,,,,,,,,,,,,,,,,,,,,,,,,153,001,2019_Sep_03_1613,Experiment 1_July3,3.1.0,60.00130416822486,
,,,,,,,,,,0.186144277,2,OlfactoryCategory,Fruit,Pear,Flower,C:\Users\subic\Desktop\Experiment 1\Sounds\FLOWER.wav,no,,m,Pear,0,2,0,0,None,,,,,,,,,,,,,,,,,0,0,0,1,,,,,1,0,1,0,0,12,12,12,,,,,,,,,,,,,,,,,,,,,,,,,,,,,,,,,,,,,,,,,,,,,,,,,,,,,,,,,,,m,1,1.933614447938453,,,,,,,,,,,,,,,,,,,,,,,,,,,,153,001,2019_Sep_03_1613,Experiment 1_July3,3.1.0,60.00130416822486,
,,,,,,,,,,0.201337648,1,OlfactoryCategory,Fruit,Lemon,Fruit,C:\Users\subic\Desktop\Experiment 1\Sounds\FRUIT.wav,yes,,n,Lemon,0,2,0,0,None,,,,,,,,,,,,,,,,,0,0,0,1,,,,,1,0,1,0,0,13,13,13,,,,,,,,,,,,,,,,,,,,,,,,,,,,,,,,,,,,,,,,,,,,,,,,,,,,,,,,,,,n,1,2.6002968125867483,,,,,,,,,,,,,,,,,,,,,,,,,,,,153,001,2019_Sep_03_1613,Experiment 1_July3,3.1.0,60.00130416822486,
,,,,,,,,,,0.645340139,4,OlfactoryCategory,Flower,Lilac,Fruit,C:\Users\subic\Desktop\Experiment 1\Sounds\FRUIT.wav,no,,m,Lilac,0,2,0,0,None,,,,,,,,,,,,,,,,,0,0,0,1,,,,,1,0,1,0,0,14,14,14,,,,,,,,,,,,,,,,,,,,,,,,,,,,,,,,,,,,,,,,,,,,,,,,,,,,,,,,,,,m,1,2.783776016382035,,,,,,,,,,,,,,,,,,,,,,,,,,,,153,001,2019_Sep_03_1613,Experiment 1_July3,3.1.0,60.00130416822486,
,,,,,,,,,,0.119834655,1,OlfactoryCategory,Fruit,Lemon,Flower,C:\Users\subic\Desktop\Experiment 1\Sounds\FLOWER.wav,no,,m,Lemon,0,2,0,0,None,,,,,,,,,,,,,,,,,0,0,0,1,,,,,1,0,1,0,0,15,15,15,,,,,,,,,,,,,,,,,,,,,,,,,,,,,,,,,,,,,,,,,,,,,,,,,,,,,,,,,,,m,1,2.033667941825115,,,,,,,,,,,,,,,,,,,,,,,,,,,,153,001,2019_Sep_03_1613,Experiment 1_July3,3.1.0,60.00130416822486,
,,,,,,,,,,0.752806645,8,OlfactoryCategory,Flower,Lavender,Flower,C:\Users\subic\Desktop\Experiment 1\Sounds\FLOWER.wav,yes,,n,Lavender,0,2,0,0,None,,,,,,,,,,,,,,,,,0,0,0,1,,,,,1,0,1,0,0,16,16,16,,,,,,,,,,,,,,,,,,,,,,,,,,,,,,,,,,,,,,,,,,,,,,,,,,,,,,,,,,,m,0,1.250400902270485,,,,,,,,,,,,,,,,,,,,,,,,,,,,153,001,2019_Sep_03_1613,Experiment 1_July3,3.1.0,60.00130416822486,
,,,,,,,,,,0.341885675,2,OlfactoryCategory,Fruit,Pear,Flower,C:\Users\subic\Desktop\Experiment 1\Sounds\FLOWER.wav,no,,m,Pear,0,2,0,0,None,,,,,,,,,,,,,,,,,0,0,0,1,,,,,1,0,1,0,0,17,17,17,,,,,,,,,,,,,,,,,,,,,,,,,,,,,,,,,,,,,,,,,,,,,,,,,,,,,,,,,,,m,1,2.0003338839705975,,,,,,,,,,,,,,,,,,,,,,,,,,,,153,001,2019_Sep_03_1613,Experiment 1_July3,3.1.0,60.00130416822486,
,,,,,,,,,,0.381132994,8,OlfactoryCategory,Flower,Lavender,Fruit,C:\Users\subic\Desktop\Experiment 1\Sounds\FRUIT.wav,no,,m,Lavender,0,2,0,0,None,,,,,,,,,,,,,,,,,0,0,0,1,,,,,1,0,1,0,0,18,18,18,,,,,,,,,,,,,,,,,,,,,,,,,,,,,,,,,,,,,,,,,,,,,,,,,,,,,,,,,,,m,1,2.250304299315758,,,,,,,,,,,,,,,,,,,,,,,,,,,,153,001,2019_Sep_03_1613,Experiment 1_July3,3.1.0,60.00130416822486,
,,,,,,,,,,0.370939832,4,OlfactoryCategory,Flower,Lilac,Flower,C:\Users\subic\Desktop\Experiment 1\Sounds\FLOWER.wav,yes,,n,Lilac,0,2,0,0,None,,,,,,,,,,,,,,,,,0,0,0,1,,,,,1,0,1,0,0,19,19,19,,,,,,,,,,,,,,,,,,,,,,,,,,,,,,,,,,,,,,,,,,,,,,,,,,,,,,,,,,,n,1,1.9836499495249882,,,,,,,,,,,,,,,,,,,,,,,,,,,,153,001,2019_Sep_03_1613,Experiment 1_July3,3.1.0,60.00130416822486,
,,,,,,,,,,0.548985065,2,OlfactoryCategory,Fruit,Pear,Flower,C:\Users\subic\Desktop\Experiment 1\Sounds\FLOWER.wav,no,,m,Pear,0,2,0,0,None,,,,,,,,,,,,,,,,,0,0,0,1,,,,,1,0,1,0,0,20,20,20,,,,,,,,,,,,,,,,,,,,,,,,,,,,,,,,,,,,,,,,,,,,,,,,,,,,,,,,,,,m,1,2.8503245859355957,,,,,,,,,,,,,,,,,,,,,,,,,,,,153,001,2019_Sep_03_1613,Experiment 1_July3,3.1.0,60.00130416822486,
,,,,,,,,,,0.007616401,4,OlfactoryCategory,Flower,Lilac,Fruit,C:\Users\subic\Desktop\Experiment 1\Sounds\FRUIT.wav,no,,m,Lilac,0,2,0,0,None,,,,,,,,,,,,,,,,,0,0,0,1,,,,,1,0,1,0,0,21,21,21,,,,,,,,,,,,,,,,,,,,,,,,,,,,,,,,,,,,,,,,,,,,,,,,,,,,,,,,,,,m,1,2.7670220447944303,,,,,,,,,,,,,,,,,,,,,,,,,,,,153,001,2019_Sep_03_1613,Experiment 1_July3,3.1.0,60.00130416822486,
,,,,,,,,,,0.926978708,1,OlfactoryCategory,Fruit,Lemon,Fruit,C:\Users\subic\Desktop\Experiment 1\Sounds\FRUIT.wav,yes,,n,Lemon,0,2,0,0,None,,,,,,,,,,,,,,,,,0,0,0,1,,,,,1,0,1,0,0,22,22,22,,,,,,,,,,,,,,,,,,,,,,,,,,,,,,,,,,,,,,,,,,,,,,,,,,,,,,,,,,,n,1,1.6003336424619192,,,,,,,,,,,,,,,,,,,,,,,,,,,,153,001,2019_Sep_03_1613,Experiment 1_July3,3.1.0,60.00130416822486,
,,,,,,,,,,0.876305222,8,OlfactoryCategory,Flower,Lavender,Fruit,C:\Users\subic\Desktop\Experiment 1\Sounds\FRUIT.wav,no,,m,Lavender,0,2,0,0,None,,,,,,,,,,,,,,,,,0,0,0,1,,,,,1,0,1,0,0,23,23,23,,,,,,,,,,,,,,,,,,,,,,,,,,,,,,,,,,,,,,,,,,,,,,,,,,,,,,,,,,,m,1,2.7502547902986407,,,,,,,,,,,,,,,,,,,,,,,,,,,,153,001,2019_Sep_03_1613,Experiment 1_July3,3.1.0,60.00130416822486,
,,,,,,,,,,,,,,,,,,,,,0,2,0,0,,,,,,,,,,,,,,,,,,0,0,0,1,,,,,1,0,1,0,,,,,,,,,,,,,,,,,,,,,,,,,,,,,,,,,,,,,,,,,,,,,,,,,,,,,,,,,,,,,,,,,,space,2.2503000729375344,,,,,,,,,,,,,,,,,,,,,,,,,,153,001,2019_Sep_03_1613,Experiment 1_July3,3.1.0,60.00130416822486,
,,,,,,,,,,,,,,,,,,,,,0,2,0,0,,,,,,,,,,,,,,,,,,0,0,0,1,,,,,,,,,,,,,,,,,,,,,,,,,,,,,,,,,,,,,,,,,,,,,,,,,,,,,,,,,,,,,,,,,,,,,,,,,,,,,,,,,,,,,,,,,,,,,,,,,,,,,153,001,2019_Sep_03_1613,Experiment 1_July3,3.1.0,60.00130416822486,
,,,,,,,,,,0.941337398,,VisualCategory,Flower,Lavender,Flower,C:\Users\subic\Desktop\Experiment 1\Sounds\FLOWER.wav,yes,C:\Users\subic\Desktop\Experiment 1\Images\lavender.jpg,n,,2,0,0,0,,,,,,,,,,,,,,,,,,0,1,1,0,0,0,0,0,,,,,,,,,,,,,,,,,0,0,0,0,,,,,,,,,,,,,,,,,,,,,,,,,,,,,,,,,,,,,,,,,,,,,,,,,,,,space,10.433331884290965,n,1,0.6338174349002657,,,,,,,,,,,,,,,,,,,,,153,001,2019_Sep_03_1613,Experiment 1_July3,3.1.0,60.00130416822486,
,,,,,,,,,,0.736203314,,VisualCategory,Fruit,Lemon,Fruit,C:\Users\subic\Desktop\Experiment 1\Sounds\FRUIT.wav,yes,C:\Users\subic\Desktop\Experiment 1\Images\lemon.jpg,n,,2,0,0,0,,,,,,,,,,,,,,,,,,0,1,1,0,0,0,0,0,,,,,,,,,,,,,,,,,0,1,1,1,,,,,,,,,,,,,,,,,,,,,,,,,,,,,,,,,,,,,,,,,,,,,,,,,,,,,,n,1,0.9504257775333826,,,,,,,,,,,,,,,,,,,,,153,001,2019_Sep_03_1613,Experiment 1_July3,3.1.0,60.00130416822486,
,,,,,,,,,,0.892225484,,VisualCategory,Fruit,Pear,Flower,C:\Users\subic\Desktop\Experiment 1\Sounds\FLOWER.wav,no,C:\Users\subic\Desktop\Experiment 1\Images\pear.jpg,m,,2,0,0,0,,,,,,,,,,,,,,,,,,0,1,1,0,0,0,0,0,,,,,,,,,,,,,,,,,0,2,2,2,,,,,,,,,,,,,,,,,,,,,,,,,,,,,,,,,,,,,,,,,,,,,,,,,,,,,,m,1,0.867123840162094,,,,,,,,,,,,,,,,,,,,,153,001,2019_Sep_03_1613,Experiment 1_July3,3.1.0,60.00130416822486,
,,,,,,,,,,0.893189673,,VisualCategory,Flower,Lilac,Fruit,C:\Users\subic\Desktop\Experiment 1\Sounds\FRUIT.wav,no,C:\Users\subic\Desktop\Experiment 1\Images\lilac.jpg,m,,2,0,0,0,,,,,,,,,,,,,,,,,,0,1,1,0,0,0,0,0,,,,,,,,,,,,,,,,,0,3,3,3,,,,,,,,,,,,,,,,,,,,,,,,,,,,,,,,,,,,,,,,,,,,,,,,,,,,,,m,1,0.7670353277026152,,,,,,,,,,,,,,,,,,,,,153,001,2019_Sep_03_1613,Experiment 1_July3,3.1.0,60.00130416822486,
,,,,,,,,,,0.230009831,,VisualCategory,Flower,Lavender,Fruit,C:\Users\subic\Desktop\Experiment 1\Sounds\FRUIT.wav,no,C:\Users\subic\Desktop\Experiment 1\Images\lavender.jpg,m,,2,0,0,0,,,,,,,,,,,,,,,,,,0,1,1,0,0,0,0,0,,,,,,,,,,,,,,,,,0,4,4,4,,,,,,,,,,,,,,,,,,,,,,,,,,,,,,,,,,,,,,,,,,,,,,,,,,,,,,m,1,0.5337379789671104,,,,,,,,,,,,,,,,,,,,,153,001,2019_Sep_03_1613,Experiment 1_July3,3.1.0,60.00130416822486,
,,,,,,,,,,0.713634068,,VisualCategory,Fruit,Lemon,Fruit,C:\Users\subic\Desktop\Experiment 1\Sounds\FRUIT.wav,yes,C:\Users\subic\Desktop\Experiment 1\Images\lemon.jpg,n,,2,0,0,0,,,,,,,,,,,,,,,,,,0,1,1,0,0,0,0,0,,,,,,,,,,,,,,,,,0,5,5,5,,,,,,,,,,,,,,,,,,,,,,,,,,,,,,,,,,,,,,,,,,,,,,,,,,,,,,n,1,0.9170989648991963,,,,,,,,,,,,,,,,,,,,,153,001,2019_Sep_03_1613,Experiment 1_July3,3.1.0,60.00130416822486,
,,,,,,,,,,0.561103971,,VisualCategory,Flower,Lavender,Fruit,C:\Users\subic\Desktop\Experiment 1\Sounds\FRUIT.wav,no,C:\Users\subic\Desktop\Experiment 1\Images\lavender.jpg,m,,2,0,0,0,,,,,,,,,,,,,,,,,,0,1,1,0,0,0,0,0,,,,,,,,,,,,,,,,,0,6,6,6,,,,,,,,,,,,,,,,,,,,,,,,,,,,,,,,,,,,,,,,,,,,,,,,,,,,,,m,1,0.46699922234620317,,,,,,,,,,,,,,,,,,,,,153,001,2019_Sep_03_1613,Experiment 1_July3,3.1.0,60.00130416822486,
,,,,,,,,,,0.242798481,,VisualCategory,Fruit,Lemon,Flower,C:\Users\subic\Desktop\Experiment 1\Sounds\FLOWER.wav,no,C:\Users\subic\Desktop\Experiment 1\Images\lemon.jpg,m,,2,0,0,0,,,,,,,,,,,,,,,,,,0,1,1,0,0,0,0,0,,,,,,,,,,,,,,,,,0,7,7,7,,,,,,,,,,,,,,,,,,,,,,,,,,,,,,,,,,,,,,,,,,,,,,,,,,,,,,m,1,0.433747880771989,,,,,,,,,,,,,,,,,,,,,153,001,2019_Sep_03_1613,Experiment 1_July3,3.1.0,60.00130416822486,
,,,,,,,,,,0.754936274,,VisualCategory,Flower,Lavender,Flower,C:\Users\subic\Desktop\Experiment 1\Sounds\FLOWER.wav,yes,C:\Users\subic\Desktop\Experiment 1\Images\lavender.jpg,n,,2,0,0,0,,,,,,,,,,,,,,,,,,0,1,1,0,0,0,0,0,,,,,,,,,,,,,,,,,0,8,8,8,,,,,,,,,,,,,,,,,,,,,,,,,,,,,,,,,,,,,,,,,,,,,,,,,,,,,,n,1,0.4170307390631933,,,,,,,,,,,,,,,,,,,,,153,001,2019_Sep_03_1613,Experiment 1_July3,3.1.0,60.00130416822486,
,,,,,,,,,,0.341155043,,VisualCategory,Flower,Lilac,Flower,C:\Users\subic\Desktop\Experiment 1\Sounds\FLOWER.wav,yes,C:\Users\subic\Desktop\Experiment 1\Images\lilac.jpg,n,,2,0,0,0,,,,,,,,,,,,,,,,,,0,1,1,0,0,0,0,0,,,,,,,,,,,,,,,,,0,9,9,9,,,,,,,,,,,,,,,,,,,,,,,,,,,,,,,,,,,,,,,,,,,,,,,,,,,,,,n,1,1.0337488468030642,,,,,,,,,,,,,,,,,,,,,153,001,2019_Sep_03_1613,Experiment 1_July3,3.1.0,60.00130416822486,
,,,,,,,,,,0.909860253,,VisualCategory,Fruit,Pear,Fruit,C:\Users\subic\Desktop\Experiment 1\Sounds\FRUIT.wav,yes,C:\Users\subic\Desktop\Experiment 1\Images\pear.jpg,n,,2,0,0,0,,,,,,,,,,,,,,,,,,0,1,1,0,0,0,0,0,,,,,,,,,,,,,,,,,0,10,10,10,,,,,,,,,,,,,,,,,,,,,,,,,,,,,,,,,,,,,,,,,,,,,,,,,,,,,,n,1,0.4670082788725267,,,,,,,,,,,,,,,,,,,,,153,001,2019_Sep_03_1613,Experiment 1_July3,3.1.0,60.00130416822486,
,,,,,,,,,,0.231244399,,VisualCategory,Flower,Lilac,Fruit,C:\Users\subic\Desktop\Experiment 1\Sounds\FRUIT.wav,no,C:\Users\subic\Desktop\Experiment 1\Images\lilac.jpg,m,,2,0,0,0,,,,,,,,,,,,,,,,,,0,1,1,0,0,0,0,0,,,,,,,,,,,,,,,,,0,11,11,11,,,,,,,,,,,,,,,,,,,,,,,,,,,,,,,,,,,,,,,,,,,,,,,,,,,,,,m,1,0.6002666241620318,,,,,,,,,,,,,,,,,,,,,153,001,2019_Sep_03_1613,Experiment 1_July3,3.1.0,60.00130416822486,
,,,,,,,,,,0.504102978,,VisualCategory,Flower,Lavender,Flower,C:\Users\subic\Desktop\Experiment 1\Sounds\FLOWER.wav,yes,C:\Users\subic\Desktop\Experiment 1\Images\lavender.jpg,n,,2,0,0,0,,,,,,,,,,,,,,,,,,0,1,1,0,0,0,0,0,,,,,,,,,,,,,,,,,0,12,12,12,,,,,,,,,,,,,,,,,,,,,,,,,,,,,,,,,,,,,,,,,,,,,,,,,,,,,,n,1,0.4005061994976131,,,,,,,,,,,,,,,,,,,,,153,001,2019_Sep_03_1613,Experiment 1_July3,3.1.0,60.00130416822486,
,,,,,,,,,,0.114749306,,VisualCategory,Fruit,Pear,Fruit,C:\Users\subic\Desktop\Experiment 1\Sounds\FRUIT.wav,yes,C:\Users\subic\Desktop\Experiment 1\Images\pear.jpg,n,,2,0,0,0,,,,,,,,,,,,,,,,,,0,1,1,0,0,0,0,0,,,,,,,,,,,,,,,,,0,13,13,13,,,,,,,,,,,,,,,,,,,,,,,,,,,,,,,,,,,,,,,,,,,,,,,,,,,,,,n,1,0.3338646495976718,,,,,,,,,,,,,,,,,,,,,153,001,2019_Sep_03_1613,Experiment 1_July3,3.1.0,60.00130416822486,
,,,,,,,,,,0.017362146,,VisualCategory,Flower,Lilac,Flower,C:\Users\subic\Desktop\Experiment 1\Sounds\FLOWER.wav,yes,C:\Users\subic\Desktop\Experiment 1\Images\lilac.jpg,n,,2,0,0,0,,,,,,,,,,,,,,,,,,0,1,1,0,0,0,0,0,,,,,,,,,,,,,,,,,0,14,14,14,,,,,,,,,,,,,,,,,,,,,,,,,,,,,,,,,,,,,,,,,,,,,,,,,,,,,,n,1,0.36706708592464565,,,,,,,,,,,,,,,,,,,,,153,001,2019_Sep_03_1613,Experiment 1_July3,3.1.0,60.00130416822486,
,,,,,,,,,,0.677190377,,VisualCategory,Fruit,Pear,Flower,C:\Users\subic\Desktop\Experiment 1\Sounds\FLOWER.wav,no,C:\Users\subic\Desktop\Experiment 1\Images\pear.jpg,m,,2,0,0,0,,,,,,,,,,,,,,,,,,0,1,1,0,0,0,0,0,,,,,,,,,,,,,,,,,0,15,15,15,,,,,,,,,,,,,,,,,,,,,,,,,,,,,,,,,,,,,,,,,,,,,,,,,,,,,,m,1,0.3170829046575818,,,,,,,,,,,,,,,,,,,,,153,001,2019_Sep_03_1613,Experiment 1_July3,3.1.0,60.00130416822486,
,,,,,,,,,,0.995723763,,VisualCategory,Flower,Lavender,Fruit,C:\Users\subic\Desktop\Experiment 1\Sounds\FRUIT.wav,no,C:\Users\subic\Desktop\Experiment 1\Images\lavender.jpg,m,,2,0,0,0,,,,,,,,,,,,,,,,,,0,1,1,0,0,0,0,0,,,,,,,,,,,,,,,,,0,16,16,16,,,,,,,,,,,,,,,,,,,,,,,,,,,,,,,,,,,,,,,,,,,,,,,,,,,,,,m,1,0.4004240869799105,,,,,,,,,,,,,,,,,,,,,153,001,2019_Sep_03_1613,Experiment 1_July3,3.1.0,60.00130416822486,
,,,,,,,,,,0.222840239,,VisualCategory,Fruit,Lemon,Flower,C:\Users\subic\Desktop\Experiment 1\Sounds\FLOWER.wav,no,C:\Users\subic\Desktop\Experiment 1\Images\lemon.jpg,m,,2,0,0,0,,,,,,,,,,,,,,,,,,0,1,1,0,0,0,0,0,,,,,,,,,,,,,,,,,0,17,17,17,,,,,,,,,,,,,,,,,,,,,,,,,,,,,,,,,,,,,,,,,,,,,,,,,,,,,,m,1,0.3503076804190641,,,,,,,,,,,,,,,,,,,,,153,001,2019_Sep_03_1613,Experiment 1_July3,3.1.0,60.00130416822486,
,,,,,,,,,,0.857279244,,VisualCategory,Fruit,Pear,Fruit,C:\Users\subic\Desktop\Experiment 1\Sounds\FRUIT.wav,yes,C:\Users\subic\Desktop\Experiment 1\Images\pear.jpg,n,,2,0,0,0,,,,,,,,,,,,,,,,,,0,1,1,0,0,0,0,0,,,,,,,,,,,,,,,,,0,18,18,18,,,,,,,,,,,,,,,,,,,,,,,,,,,,,,,,,,,,,,,,,,,,,,,,,,,,,,n,1,0.40026469209988136,,,,,,,,,,,,,,,,,,,,,153,001,2019_Sep_03_1613,Experiment 1_July3,3.1.0,60.00130416822486,
,,,,,,,,,,0.119556888,,VisualCategory,Flower,Lilac,Flower,C:\Users\subic\Desktop\Experiment 1\Sounds\FLOWER.wav,yes,C:\Users\subic\Desktop\Experiment 1\Images\lilac.jpg,n,,2,0,0,0,,,,,,,,,,,,,,,,,,0,1,1,0,0,0,0,0,,,,,,,,,,,,,,,,,0,19,19,19,,,,,,,,,,,,,,,,,,,,,,,,,,,,,,,,,,,,,,,,,,,,,,,,,,,,,,n,1,0.46708858008059906,,,,,,,,,,,,,,,,,,,,,153,001,2019_Sep_03_1613,Experiment 1_July3,3.1.0,60.00130416822486,
,,,,,,,,,,0.984998073,,VisualCategory,Fruit,Pear,Flower,C:\Users\subic\Desktop\Experiment 1\Sounds\FLOWER.wav,no,C:\Users\subic\Desktop\Experiment 1\Images\pear.jpg,m,,2,0,0,0,,,,,,,,,,,,,,,,,,0,1,1,0,0,0,0,0,,,,,,,,,,,,,,,,,0,20,20,20,,,,,,,,,,,,,,,,,,,,,,,,,,,,,,,,,,,,,,,,,,,,,,,,,,,,,,m,1,0.3836997000471456,,,,,,,,,,,,,,,,,,,,,153,001,2019_Sep_03_1613,Experiment 1_July3,3.1.0,60.00130416822486,
,,,,,,,,,,0.352351996,,VisualCategory,Fruit,Lemon,Fruit,C:\Users\subic\Desktop\Experiment 1\Sounds\FRUIT.wav,yes,C:\Users\subic\Desktop\Experiment 1\Images\lemon.jpg,n,,2,0,0,0,,,,,,,,,,,,,,,,,,0,1,1,0,0,0,0,0,,,,,,,,,,,,,,,,,0,21,21,21,,,,,,,,,,,,,,,,,,,,,,,,,,,,,,,,,,,,,,,,,,,,,,,,,,,,,,n,1,0.3503336424619192,,,,,,,,,,,,,,,,,,,,,153,001,2019_Sep_03_1613,Experiment 1_July3,3.1.0,60.00130416822486,
,,,,,,,,,,0.208792507,,VisualCategory,Flower,Lilac,Fruit,C:\Users\subic\Desktop\Experiment 1\Sounds\FRUIT.wav,no,C:\Users\subic\Desktop\Experiment 1\Images\lilac.jpg,m,,2,0,0,0,,,,,,,,,,,,,,,,,,0,1,1,0,0,0,0,0,,,,,,,,,,,,,,,,,0,22,22,22,,,,,,,,,,,,,,,,,,,,,,,,,,,,,,,,,,,,,,,,,,,,,,,,,,,,,,m,1,0.517232156227692,,,,,,,,,,,,,,,,,,,,,153,001,2019_Sep_03_1613,Experiment 1_July3,3.1.0,60.00130416822486,
,,,,,,,,,,0.495705014,,VisualCategory,Fruit,Lemon,Flower,C:\Users\subic\Desktop\Experiment 1\Sounds\FLOWER.wav,no,C:\Users\subic\Desktop\Experiment 1\Images\lemon.jpg,m,,2,0,0,0,,,,,,,,,,,,,,,,,,0,1,1,0,0,0,0,0,,,,,,,,,,,,,,,,,0,23,23,23,,,,,,,,,,,,,,,,,,,,,,,,,,,,,,,,,,,,,,,,,,,,,,,,,,,,,,m,1,0.6003982456895756,,,,,,,,,,,,,,,,,,,,,153,001,2019_Sep_03_1613,Experiment 1_July3,3.1.0,60.00130416822486,
,,,,,,,,,,,,,,,,,,,,,2,0,0,0,,,,,,,,,,,,,,,,,,0,1,1,0,0,0,0,0,,,,,,,,,,,,,,,,,,,,,,,,,,,,,,,,,,,,,,,,,,,,,,,,,,,,,,,,,,,,,,,,,,,,,,,,,,,,,space,1.4169673433716525,,,,,,,,,,,,,,,,,,,153,001,2019_Sep_03_1613,Experiment 1_July3,3.1.0,60.00130416822486,
,,,,,,,,,,0.690473291,,VisualCategory,Fruit,Lemon,Flower,C:\Users\subic\Desktop\Experiment 1\Sounds\FLOWER.wav,no,C:\Users\subic\Desktop\Experiment 1\Images\lemon.jpg,m,,2,0,0,0,,,,,,,,,,,,,,,,,,0,1,1,0,1,0,1,0,,,,,,,,,,,,,,,,,0,0,0,0,,,,,,,,,,,,,,,,,,,,,,,,,,,,,,,,,,,,,,,,,,,,,,,,,,,,space,12.149996015126817,m,1,0.3670272372037289,,,,,,,,,,,,,,,,,,,,,153,001,2019_Sep_03_1613,Experiment 1_July3,3.1.0,60.00130416822486,
,,,,,,,,,,0.960179925,,VisualCategory,Fruit,Pear,Flower,C:\Users\subic\Desktop\Experiment 1\Sounds\FLOWER.wav,no,C:\Users\subic\Desktop\Experiment 1\Images\pear.jpg,m,,2,0,0,0,,,,,,,,,,,,,,,,,,0,1,1,0,1,0,1,0,,,,,,,,,,,,,,,,,0,1,1,1,,,,,,,,,,,,,,,,,,,,,,,,,,,,,,,,,,,,,,,,,,,,,,,,,,,,,,m,1,0.3670387088059215,,,,,,,,,,,,,,,,,,,,,153,001,2019_Sep_03_1613,Experiment 1_July3,3.1.0,60.00130416822486,
,,,,,,,,,,0.664435193,,VisualCategory,Fruit,Lemon,Fruit,C:\Users\subic\Desktop\Experiment 1\Sounds\FRUIT.wav,yes,C:\Users\subic\Desktop\Experiment 1\Images\lemon.jpg,n,,2,0,0,0,,,,,,,,,,,,,,,,,,0,1,1,0,1,0,1,0,,,,,,,,,,,,,,,,,0,2,2,2,,,,,,,,,,,,,,,,,,,,,,,,,,,,,,,,,,,,,,,,,,,,,,,,,,,,,,n,1,0.31699113184731686,,,,,,,,,,,,,,,,,,,,,153,001,2019_Sep_03_1613,Experiment 1_July3,3.1.0,60.00130416822486,
,,,,,,,,,,0.327329746,,VisualCategory,Flower,Lavender,Fruit,C:\Users\subic\Desktop\Experiment 1\Sounds\FRUIT.wav,no,C:\Users\subic\Desktop\Experiment 1\Images\lavender.jpg,m,,2,0,0,0,,,,,,,,,,,,,,,,,,0,1,1,0,1,0,1,0,,,,,,,,,,,,,,,,,0,3,3,3,,,,,,,,,,,,,,,,,,,,,,,,,,,,,,,,,,,,,,,,,,,,,,,,,,,,,,m,1,0.4336941453766485,,,,,,,,,,,,,,,,,,,,,153,001,2019_Sep_03_1613,Experiment 1_July3,3.1.0,60.00130416822486,
,,,,,,,,,,0.184211835,,VisualCategory,Fruit,Pear,Flower,C:\Users\subic\Desktop\Experiment 1\Sounds\FLOWER.wav,no,C:\Users\subic\Desktop\Experiment 1\Images\pear.jpg,m,,2,0,0,0,,,,,,,,,,,,,,,,,,0,1,1,0,1,0,1,0,,,,,,,,,,,,,,,,,0,4,4,4,,,,,,,,,,,,,,,,,,,,,,,,,,,,,,,,,,,,,,,,,,,,,,,,,,,,,,m,1,0.35034873667609645,,,,,,,,,,,,,,,,,,,,,153,001,2019_Sep_03_1613,Experiment 1_July3,3.1.0,60.00130416822486,
,,,,,,,,,,0.914356242,,VisualCategory,Flower,Lavender,Fruit,C:\Users\subic\Desktop\Experiment 1\Sounds\FRUIT.wav,no,C:\Users\subic\Desktop\Experiment 1\Images\lavender.jpg,m,,2,0,0,0,,,,,,,,,,,,,,,,,,0,1,1,0,1,0,1,0,,,,,,,,,,,,,,,,,0,5,5,5,,,,,,,,,,,,,,,,,,,,,,,,,,,,,,,,,,,,,,,,,,,,,,,,,,,,,,m,1,0.5670599614531966,,,,,,,,,,,,,,,,,,,,,153,001,2019_Sep_03_1613,Experiment 1_July3,3.1.0,60.00130416822486,
,,,,,,,,,,0.711807749,,VisualCategory,Fruit,Pear,Fruit,C:\Users\subic\Desktop\Experiment 1\Sounds\FRUIT.wav,yes,C:\Users\subic\Desktop\Experiment 1\Images\pear.jpg,n,,2,0,0,0,,,,,,,,,,,,,,,,,,0,1,1,0,1,0,1,0,,,,,,,,,,,,,,,,,0,6,6,6,,,,,,,,,,,,,,,,,,,,,,,,,,,,,,,,,,,,,,,,,,,,,,,,,,,,,,n,1,0.35036443465651246,,,,,,,,,,,,,,,,,,,,,153,001,2019_Sep_03_1613,Experiment 1_July3,3.1.0,60.00130416822486,
,,,,,,,,,,0.349554744,,VisualCategory,Flower,Lilac,Flower,C:\Users\subic\Desktop\Experiment 1\Sounds\FLOWER.wav,yes,C:\Users\subic\Desktop\Experiment 1\Images\lilac.jpg,n,,2,0,0,0,,,,,,,,,,,,,,,,,,0,1,1,0,1,0,1,0,,,,,,,,,,,,,,,,,0,7,7,7,,,,,,,,,,,,,,,,,,,,,,,,,,,,,,,,,,,,,,,,,,,,,,,,,,,,,,n,1,0.43373701293967315,,,,,,,,,,,,,,,,,,,,,153,001,2019_Sep_03_1613,Experiment 1_July3,3.1.0,60.00130416822486,
,,,,,,,,,,0.078514445,,VisualCategory,Fruit,Lemon,Fruit,C:\Users\subic\Desktop\Experiment 1\Sounds\FRUIT.wav,yes,C:\Users\subic\Desktop\Experiment 1\Images\lemon.jpg,n,,2,0,0,0,,,,,,,,,,,,,,,,,,0,1,1,0,1,0,1,0,,,,,,,,,,,,,,,,,0,8,8,8,,,,,,,,,,,,,,,,,,,,,,,,,,,,,,,,,,,,,,,,,,,,,,,,,,,,,,n,1,0.5669808677848778,,,,,,,,,,,,,,,,,,,,,153,001,2019_Sep_03_1613,Experiment 1_July3,3.1.0,60.00130416822486,
,,,,,,,,,,0.044953632,,VisualCategory,Fruit,Pear,Flower,C:\Users\subic\Desktop\Experiment 1\Sounds\FLOWER.wav,no,C:\Users\subic\Desktop\Experiment 1\Images\pear.jpg,m,,2,0,0,0,,,,,,,,,,,,,,,,,,0,1,1,0,1,0,1,0,,,,,,,,,,,,,,,,,0,9,9,9,,,,,,,,,,,,,,,,,,,,,,,,,,,,,,,,,,,,,,,,,,,,,,,,,,,,,,m,1,0.5503198765436537,,,,,,,,,,,,,,,,,,,,,153,001,2019_Sep_03_1613,Experiment 1_July3,3.1.0,60.00130416822486,
,,,,,,,,,,0.836771529,,VisualCategory,Flower,Lilac,Flower,C:\Users\subic\Desktop\Experiment 1\Sounds\FLOWER.wav,yes,C:\Users\subic\Desktop\Experiment 1\Images\lilac.jpg,n,,2,0,0,0,,,,,,,,,,,,,,,,,,0,1,1,0,1,0,1,0,,,,,,,,,,,,,,,,,0,10,10,10,,,,,,,,,,,,,,,,,,,,,,,,,,,,,,,,,,,,,,,,,,,,,,,,,,,,,,n,1,0.36703931257216027,,,,,,,,,,,,,,,,,,,,,153,001,2019_Sep_03_1613,Experiment 1_July3,3.1.0,60.00130416822486,
,,,,,,,,,,0.699396237,,VisualCategory,Flower,Lavender,Fruit,C:\Users\subic\Desktop\Experiment 1\Sounds\FRUIT.wav,no,C:\Users\subic\Desktop\Experiment 1\Images\lavender.jpg,m,,2,0,0,0,,,,,,,,,,,,,,,,,,0,1,1,0,1,0,1,0,,,,,,,,,,,,,,,,,0,11,11,11,,,,,,,,,,,,,,,,,,,,,,,,,,,,,,,,,,,,,,,,,,,,,,,,,,,,,,m,1,0.6504041626212711,,,,,,,,,,,,,,,,,,,,,153,001,2019_Sep_03_1613,Experiment 1_July3,3.1.0,60.00130416822486,
,,,,,,,,,,0.215464872,,VisualCategory,Fruit,Lemon,Flower,C:\Users\subic\Desktop\Experiment 1\Sounds\FLOWER.wav,no,C:\Users\subic\Desktop\Experiment 1\Images\lemon.jpg,m,,2,0,0,0,,,,,,,,,,,,,,,,,,0,1,1,0,1,0,1,0,,,,,,,,,,,,,,,,,0,12,12,12,,,,,,,,,,,,,,,,,,,,,,,,,,,,,,,,,,,,,,,,,,,,,,,,,,,,,,m,1,0.6500944293911743,,,,,,,,,,,,,,,,,,,,,153,001,2019_Sep_03_1613,Experiment 1_July3,3.1.0,60.00130416822486,
,,,,,,,,,,0.871068824,,VisualCategory,Flower,Lilac,Fruit,C:\Users\subic\Desktop\Experiment 1\Sounds\FRUIT.wav,no,C:\Users\subic\Desktop\Experiment 1\Images\lilac.jpg,m,,2,0,0,0,,,,,,,,,,,,,,,,,,0,1,1,0,1,0,1,0,,,,,,,,,,,,,,,,,0,13,13,13,,,,,,,,,,,,,,,,,,,,,,,,,,,,,,,,,,,,,,,,,,,,,,,,,,,,,,m,1,0.4336476552016393,,,,,,,,,,,,,,,,,,,,,153,001,2019_Sep_03_1613,Experiment 1_July3,3.1.0,60.00130416822486,
,,,,,,,,,,0.630519212,,VisualCategory,Fruit,Lemon,Fruit,C:\Users\subic\Desktop\Experiment 1\Sounds\FRUIT.wav,yes,C:\Users\subic\Desktop\Experiment 1\Images\lemon.jpg,n,,2,0,0,0,,,,,,,,,,,,,,,,,,0,1,1,0,1,0,1,0,,,,,,,,,,,,,,,,,0,14,14,14,,,,,,,,,,,,,,,,,,,,,,,,,,,,,,,,,,,,,,,,,,,,,,,,,,,,,,n,1,0.2671434022595349,,,,,,,,,,,,,,,,,,,,,153,001,2019_Sep_03_1613,Experiment 1_July3,3.1.0,60.00130416822486,
,,,,,,,,,,0.929576012,,VisualCategory,Flower,Lavender,Flower,C:\Users\subic\Desktop\Experiment 1\Sounds\FLOWER.wav,yes,C:\Users\subic\Desktop\Experiment 1\Images\lavender.jpg,n,,2,0,0,0,,,,,,,,,,,,,,,,,,0,1,1,0,1,0,1,0,,,,,,,,,,,,,,,,,0,15,15,15,,,,,,,,,,,,,,,,,,,,,,,,,,,,,,,,,,,,,,,,,,,,,,,,,,,,,,n,1,0.3668491255011759,,,,,,,,,,,,,,,,,,,,,153,001,2019_Sep_03_1613,Experiment 1_July3,3.1.0,60.00130416822486,
,,,,,,,,,,0.621251317,,VisualCategory,Fruit,Lemon,Flower,C:\Users\subic\Desktop\Experiment 1\Sounds\FLOWER.wav,no,C:\Users\subic\Desktop\Experiment 1\Images\lemon.jpg,m,,2,0,0,0,,,,,,,,,,,,,,,,,,0,1,1,0,1,0,1,0,,,,,,,,,,,,,,,,,0,16,16,16,,,,,,,,,,,,,,,,,,,,,,,,,,,,,,,,,,,,,,,,,,,,,,,,,,,,,,m,1,0.5503772345473408,,,,,,,,,,,,,,,,,,,,,153,001,2019_Sep_03_1613,Experiment 1_July3,3.1.0,60.00130416822486,
,,,,,,,,,,0.888743168,,VisualCategory,Flower,Lilac,Fruit,C:\Users\subic\Desktop\Experiment 1\Sounds\FRUIT.wav,no,C:\Users\subic\Desktop\Experiment 1\Images\lilac.jpg,m,,2,0,0,0,,,,,,,,,,,,,,,,,,0,1,1,0,1,0,1,0,,,,,,,,,,,,,,,,,0,17,17,17,,,,,,,,,,,,,,,,,,,,,,,,,,,,,,,,,,,,,,,,,,,,,,,,,,,,,,m,1,0.41702651268133195,,,,,,,,,,,,,,,,,,,,,153,001,2019_Sep_03_1613,Experiment 1_July3,3.1.0,60.00130416822486,
,,,,,,,,,,0.107510414,,VisualCategory,Fruit,Pear,Fruit,C:\Users\subic\Desktop\Experiment 1\Sounds\FRUIT.wav,yes,C:\Users\subic\Desktop\Experiment 1\Images\pear.jpg,n,,2,0,0,0,,,,,,,,,,,,,,,,,,0,1,1,0,1,0,1,0,,,,,,,,,,,,,,,,,0,18,18,18,,,,,,,,,,,,,,,,,,,,,,,,,,,,,,,,,,,,,,,,,,,,,,,,,,,,,,n,1,0.3337124999416119,,,,,,,,,,,,,,,,,,,,,153,001,2019_Sep_03_1613,Experiment 1_July3,3.1.0,60.00130416822486,
,,,,,,,,,,0.33750688,,VisualCategory,Flower,Lavender,Flower,C:\Users\subic\Desktop\Experiment 1\Sounds\FLOWER.wav,yes,C:\Users\subic\Desktop\Experiment 1\Images\lavender.jpg,n,,2,0,0,0,,,,,,,,,,,,,,,,,,0,1,1,0,1,0,1,0,,,,,,,,,,,,,,,,,0,19,19,19,,,,,,,,,,,,,,,,,,,,,,,,,,,,,,,,,,,,,,,,,,,,,,,,,,,,,,n,1,0.3170346031765803,,,,,,,,,,,,,,,,,,,,,153,001,2019_Sep_03_1613,Experiment 1_July3,3.1.0,60.00130416822486,
,,,,,,,,,,0.331728894,,VisualCategory,Flower,Lilac,Fruit,C:\Users\subic\Desktop\Experiment 1\Sounds\FRUIT.wav,no,C:\Users\subic\Desktop\Experiment 1\Images\lilac.jpg,m,,2,0,0,0,,,,,,,,,,,,,,,,,,0,1,1,0,1,0,1,0,,,,,,,,,,,,,,,,,0,20,20,20,,,,,,,,,,,,,,,,,,,,,,,,,,,,,,,,,,,,,,,,,,,,,,,,,,,,,,m,1,0.3341061569881276,,,,,,,,,,,,,,,,,,,,,153,001,2019_Sep_03_1613,Experiment 1_July3,3.1.0,60.00130416822486,
,,,,,,,,,,0.40565008,,VisualCategory,Fruit,Pear,Fruit,C:\Users\subic\Desktop\Experiment 1\Sounds\FRUIT.wav,yes,C:\Users\subic\Desktop\Experiment 1\Images\pear.jpg,n,,2,0,0,0,,,,,,,,,,,,,,,,,,0,1,1,0,1,0,1,0,,,,,,,,,,,,,,,,,0,21,21,21,,,,,,,,,,,,,,,,,,,,,,,,,,,,,,,,,,,,,,,,,,,,,,,,,,,,,,n,1,0.45041007955296664,,,,,,,,,,,,,,,,,,,,,153,001,2019_Sep_03_1613,Experiment 1_July3,3.1.0,60.00130416822486,
,,,,,,,,,,0.284156937,,VisualCategory,Flower,Lilac,Flower,C:\Users\subic\Desktop\Experiment 1\Sounds\FLOWER.wav,yes,C:\Users\subic\Desktop\Experiment 1\Images\lilac.jpg,n,,2,0,0,0,,,,,,,,,,,,,,,,,,0,1,1,0,1,0,1,0,,,,,,,,,,,,,,,,,0,22,22,22,,,,,,,,,,,,,,,,,,,,,,,,,,,,,,,,,,,,,,,,,,,,,,,,,,,,,,n,1,0.6503540498379152,,,,,,,,,,,,,,,,,,,,,153,001,2019_Sep_03_1613,Experiment 1_July3,3.1.0,60.00130416822486,
,,,,,,,,,,0.170322632,,VisualCategory,Flower,Lavender,Flower,C:\Users\subic\Desktop\Experiment 1\Sounds\FLOWER.wav,yes,C:\Users\subic\Desktop\Experiment 1\Images\lavender.jpg,n,,2,0,0,0,,,,,,,,,,,,,,,,,,0,1,1,0,1,0,1,0,,,,,,,,,,,,,,,,,0,23,23,23,,,,,,,,,,,,,,,,,,,,,,,,,,,,,,,,,,,,,,,,,,,,,,,,,,,,,,n,1,0.3337004245695425,,,,,,,,,,,,,,,,,,,,,153,001,2019_Sep_03_1613,Experiment 1_July3,3.1.0,60.00130416822486,
,,,,,,,,,,,,,,,,,,,,,2,0,0,0,,,,,,,,,,,,,,,,,,0,1,1,0,1,0,1,0,,,,,,,,,,,,,,,,,,,,,,,,,,,,,,,,,,,,,,,,,,,,,,,,,,,,,,,,,,,,,,,,,,,,,,,,,,,,,space,1.7169913733559952,,,,,,,,,,,,,,,,,,,153,001,2019_Sep_03_1613,Experiment 1_July3,3.1.0,60.00130416822486,
,,,,,,,,,,,,,,,,,,,,,2,0,0,0,,,,,,,,,,,,,,,,,,0,1,1,0,,,,,,,,,,,,,,,,,,,,,,,,,,,,,,,,,,,,,,,,,,,,,,,,,,,,,,,,,,,,,,,,,,,,,,,,,,,,,,,,,,,,,,,,,,,,,,,,,,,,,153,001,2019_Sep_03_1613,Experiment 1_July3,3.1.0,60.00130416822486,
,,,,,,,,,,0.247325557,,VisualStimulus,Fruit,Pear,Lemon,C:\Users\subic\Desktop\Experiment 1\Sounds\LEMON.wav,no,C:\Users\subic\Desktop\Experiment 1\Images\pear.jpg,m,,0,0,0,2,,,,,,,,,,,,,,,,,,0,2,2,3,,,,,,,,,,,,,,,,,0,0,0,0,,,,,0,0,0,0,,,,,,,,,,,,,,,,,,,,,,,,,,,,,,,,,,,,,,,,,,,,,,,,,,,,,,,space,20.31641211787428,2057.297857104906,2057.697864591635,m,1,0.5836014065389463,2061.5143636521716,2062.014369689856,,,,,,,,,,153,001,2019_Sep_03_1613,Experiment 1_July3,3.1.0,60.00130416822486,
,,,,,,,,,,0.668558642,,VisualStimulus,Fruit,Lemon,Lilac,C:\Users\subic\Desktop\Experiment 1\Sounds\LILAC.wav,no,C:\Users\subic\Desktop\Experiment 1\Images\lemon.jpg,m,,0,0,0,2,,,,,,,,,,,,,,,,,,0,2,2,3,,,,,,,,,,,,,,,,,0,0,0,0,,,,,0,1,1,1,,,,,,,,,,,,,,,,,,,,,,,,,,,,,,,,,,,,,,,,,,,,,,,,,,,,,,,,,2067.78084713548,2068.1807851888334,m,1,0.7669960827515752,2072.1973308602974,2072.6973344829094,,,,,,,,,,153,001,2019_Sep_03_1613,Experiment 1_July3,3.1.0,60.00130416822486,
,,,,,,,,,,0.998684181,,VisualStimulus,Fruit,Pear,Pear,C:\Users\subic\Desktop\Experiment 1\Sounds\PEAR.wav,yes,C:\Users\subic\Desktop\Experiment 1\Images\pear.jpg,n,,0,0,0,2,,,,,,,,,,,,,,,,,,0,2,2,3,,,,,,,,,,,,,,,,,0,0,0,0,,,,,0,2,2,2,,,,,,,,,,,,,,,,,,,,,,,,,,,,,,,,,,,,,,,,,,,,,,,,,,,,,,,,,2078.2804891007727,2078.6804772669093,n,1,0.3503916042354831,2082.2803532528633,2082.7804281201534,,,,,,,,,,153,001,2019_Sep_03_1613,Experiment 1_July3,3.1.0,60.00130416822486,
,,,,,,,,,,0.29051401,,VisualStimulus,Flower,Lilac,Pear,C:\Users\subic\Desktop\Experiment 1\Sounds\PEAR.wav,no,C:\Users\subic\Desktop\Experiment 1\Images\lilac.jpg,m,,0,0,0,2,,,,,,,,,,,,,,,,,,0,2,2,3,,,,,,,,,,,,,,,,,0,0,0,0,,,,,0,3,3,3,,,,,,,,,,,,,,,,,,,,,,,,,,,,,,,,,,,,,,,,,,,,,,,,,,,,,,,,,2088.7801292547556,2089.180130100034,m,1,0.5836539343945333,2093.01329498196,2093.5133161138547,,,,,,,,,,153,001,2019_Sep_03_1613,Experiment 1_July3,3.1.0,60.00130416822486,
,,,,,,,,,,0.762572371,,VisualStimulus,Fruit,Pear,Pear,C:\Users\subic\Desktop\Experiment 1\Sounds\PEAR.wav,yes,C:\Users\subic\Desktop\Experiment 1\Images\pear.jpg,n,,0,0,0,2,,,,,,,,,,,,,,,,,,0,2,2,3,,,,,,,,,,,,,,,,,0,0,0,0,,,,,0,4,4,4,,,,,,,,,,,,,,,,,,,,,,,,,,,,,,,,,,,,,,,,,,,,,,,,,,,,,,,,,2099.279790540637,2099.679767838945,n,1,0.4337376167095499,2103.362985610991,2103.8629656866287,,,,,,,,,,153,001,2019_Sep_03_1613,Experiment 1_July3,3.1.0,60.00130416822486,
,,,,,,,,,,0.02155913,,VisualStimulus,Flower,Lilac,Lilac,C:\Users\subic\Desktop\Experiment 1\Sounds\LILAC.wav,yes,C:\Users\subic\Desktop\Experiment 1\Images\lilac.jpg,n,,0,0,0,2,,,,,,,,,,,,,,,,,,0,2,2,3,,,,,,,,,,,,,,,,,0,0,0,0,,,,,0,5,5,5,,,,,,,,,,,,,,,,,,,,,,,,,,,,,,,,,,,,,,,,,,,,,,,,,,,,,,,,,2109.7794331096993,2110.179384445957,n,1,1.9836934208542516,2115.412612965083,2115.9125972671027,,,,,,,,,,153,001,2019_Sep_03_1613,Experiment 1_July3,3.1.0,60.00130416822486,
,,,,,,,,,,0.535481748,,VisualStimulus,Flower,Lavender,Lemon,C:\Users\subic\Desktop\Experiment 1\Sounds\LEMON.wav,no,C:\Users\subic\Desktop\Experiment 1\Images\lavender.jpg,m,,0,0,0,2,,,,,,,,,,,,,,,,,,0,2,2,3,,,,,,,,,,,,,,,,,0,0,0,0,,,,,0,6,6,6,,,,,,,,,,,,,,,,,,,,,,,,,,,,,,,,,,,,,,,,,,,,,,,,,,,,,,,,,2120.279144508364,2120.6790535808286,m,1,0.3338453290052712,2124.262286084828,2124.7622691793113,,,,,,,,,,153,001,2019_Sep_03_1613,Experiment 1_July3,3.1.0,60.00130416822486,
,,,,,,,,,,0.429422363,,VisualStimulus,Flower,Lilac,Lemon,C:\Users\subic\Desktop\Experiment 1\Sounds\LEMON.wav,no,C:\Users\subic\Desktop\Experiment 1\Images\lilac.jpg,m,,0,0,0,2,,,,,,,,,,,,,,,,,,0,2,2,3,,,,,,,,,,,,,,,,,0,0,0,0,,,,,0,7,7,7,,,,,,,,,,,,,,,,,,,,,,,,,,,,,,,,,,,,,,,,,,,,,,,,,,,,,,,,,2130.778729115649,2131.17873116846,m,1,0.3336726512206951,2134.761942540561,2135.2618549941326,,,,,,,,,,153,001,2019_Sep_03_1613,Experiment 1_July3,3.1.0,60.00130416822486,
,,,,,,,,,,0.619983657,,VisualStimulus,Fruit,Pear,Pear,C:\Users\subic\Desktop\Experiment 1\Sounds\PEAR.wav,yes,C:\Users\subic\Desktop\Experiment 1\Images\pear.jpg,n,,0,0,0,2,,,,,,,,,,,,,,,,,,0,2,2,3,,,,,,,,,,,,,,,,,0,0,0,0,,,,,0,8,8,8,,,,,,,,,,,,,,,,,,,,,,,,,,,,,,,,,,,,,,,,,,,,,,,,,,,,,,,,,2141.278381345004,2141.678375548825,n,1,0.35042783034441527,2145.278258176233,2145.778177875025,,,,,,,,,,153,001,2019_Sep_03_1613,Experiment 1_July3,3.1.0,60.00130416822486,
,,,,,,,,,,0.699768476,,VisualStimulus,Flower,Lavender,Lilac,C:\Users\subic\Desktop\Experiment 1\Sounds\LILAC.wav,no,C:\Users\subic\Desktop\Experiment 1\Images\lavender.jpg,m,,0,0,0,2,,,,,,,,,,,,,,,,,,0,2,2,3,,,,,,,,,,,,,,,,,0,0,0,0,,,,,0,9,9,9,,,,,,,,,,,,,,,,,,,,,,,,,,,,,,,,,,,,,,,,,,,,,,,,,,,,,,,,,2151.778057725096,2152.1779595523403,m,1,1.0170739688837784,2156.4445861287822,2156.9446054493746,,,,,,,,,,153,001,2019_Sep_03_1613,Experiment 1_July3,3.1.0,60.00130416822486,
,,,,,,,,,,0.376484344,,VisualStimulus,Flower,Lilac,Lilac,C:\Users\subic\Desktop\Experiment 1\Sounds\LILAC.wav,yes,C:\Users\subic\Desktop\Experiment 1\Images\lilac.jpg,n,,0,0,0,2,,,,,,,,,,,,,,,,,,0,2,2,3,,,,,,,,,,,,,,,,,0,0,0,0,,,,,0,10,10,10,,,,,,,,,,,,,,,,,,,,,,,,,,,,,,,,,,,,,,,,,,,,,,,,,,,,,,,,,2162.2777256524314,2162.677675177387,n,1,0.8837244545538852,2166.8109335226764,2167.310887636271,,,,,,,,,,153,001,2019_Sep_03_1613,Experiment 1_July3,3.1.0,60.00130416822486,
,,,,,,,,,,0.497169017,,VisualStimulus,Flower,Lavender,Lavender,C:\Users\subic\Desktop\Experiment 1\Sounds\LAVENDER.wav,yes,C:\Users\subic\Desktop\Experiment 1\Images\lavender.jpg,n,,0,0,0,2,,,,,,,,,,,,,,,,,,0,2,2,3,,,,,,,,,,,,,,,,,0,0,0,0,,,,,0,11,11,11,,,,,,,,,,,,,,,,,,,,,,,,,,,,,,,,,,,,,,,,,,,,,,,,,,,,,,,,,2172.7773072408745,2173.1773032560013,n,1,0.33370766979351174,2176.760546024063,2177.2605321373885,,,,,,,,,,153,001,2019_Sep_03_1613,Experiment 1_July3,3.1.0,60.00130416822486,
,,,,,,,,,,0.92823268,,VisualStimulus,Fruit,Lemon,Lemon,C:\Users\subic\Desktop\Experiment 1\Sounds\LEMON.wav,yes,C:\Users\subic\Desktop\Experiment 1\Images\lemon.jpg,n,,0,0,0,2,,,,,,,,,,,,,,,,,,0,2,2,3,,,,,,,,,,,,,,,,,0,0,0,0,,,,,0,12,12,12,,,,,,,,,,,,,,,,,,,,,,,,,,,,,,,,,,,,,,,,,,,,,,,,,,,,,,,,,2183.27696671545,2183.6769385798398,n,1,0.333738461984467,2187.2601922157337,2187.760166253691,,,,,,,,,,153,001,2019_Sep_03_1613,Experiment 1_July3,3.1.0,60.00130416822486,
,,,,,,,,,,0.152354327,,VisualStimulus,Flower,Lavender,Pear,C:\Users\subic\Desktop\Experiment 1\Sounds\PEAR.wav,no,C:\Users\subic\Desktop\Experiment 1\Images\lavender.jpg,m,,0,0,0,2,,,,,,,,,,,,,,,,,,0,2,2,3,,,,,,,,,,,,,,,,,0,0,0,0,,,,,0,13,13,13,,,,,,,,,,,,,,,,,,,,,,,,,,,,,,,,,,,,,,,,,,,,,,,,,,,,,,,,,2193.776600831752,2194.176692242301,m,1,0.3667718431352114,2197.793171861489,2198.2931241637816,,,,,,,,,,153,001,2019_Sep_03_1613,Experiment 1_July3,3.1.0,60.00130416822486,
,,,,,,,,,,0.619914835,,VisualStimulus,Flower,Lilac,Lilac,C:\Users\subic\Desktop\Experiment 1\Sounds\LILAC.wav,yes,C:\Users\subic\Desktop\Experiment 1\Images\lilac.jpg,n,,0,0,0,2,,,,,,,,,,,,,,,,,,0,2,2,3,,,,,,,,,,,,,,,,,0,0,0,0,,,,,0,14,14,14,,,,,,,,,,,,,,,,,,,,,,,,,,,,,,,,,,,,,,,,,,,,,,,,,,,,,,,,,2204.2762560799492,2204.676212246359,n,1,0.6670150410791393,2208.5927491028015,2209.0927901590585,,,,,,,,,,153,001,2019_Sep_03_1613,Experiment 1_July3,3.1.0,60.00130416822486,
,,,,,,,,,,0.020049344,,VisualStimulus,Fruit,Lemon,Lavender,C:\Users\subic\Desktop\Experiment 1\Sounds\LAVENDER.wav,no,C:\Users\subic\Desktop\Experiment 1\Images\lemon.jpg,m,,0,0,0,2,,,,,,,,,,,,,,,,,,0,2,2,3,,,,,,,,,,,,,,,,,0,0,0,0,,,,,0,15,15,15,,,,,,,,,,,,,,,,,,,,,,,,,,,,,,,,,,,,,,,,,,,,,,,,,,,,,,,,,2214.7759602333936,2215.1758952679047,m,1,0.5670285654923646,2218.99249757285,2219.4924462525305,,,,,,,,,,153,001,2019_Sep_03_1613,Experiment 1_July3,3.1.0,60.00130416822486,
,,,,,,,,,,0.61516289,,VisualStimulus,Fruit,Pear,Lilac,C:\Users\subic\Desktop\Experiment 1\Sounds\LILAC.wav,no,C:\Users\subic\Desktop\Experiment 1\Images\pear.jpg,m,,0,0,0,2,,,,,,,,,,,,,,,,,,0,2,2,3,,,,,,,,,,,,,,,,,0,0,0,0,,,,,0,16,16,16,,,,,,,,,,,,,,,,,,,,,,,,,,,,,,,,,,,,,,,,,,,,,,,,,,,,,,,,,2225.2755744253336,2225.675520327677,m,1,0.5169930639094673,2229.4421076591643,2229.942133017441,,,,,,,,,,153,001,2019_Sep_03_1613,Experiment 1_July3,3.1.0,60.00130416822486,
,,,,,,,,,,0.410522825,,VisualStimulus,Fruit,Lemon,Lemon,C:\Users\subic\Desktop\Experiment 1\Sounds\LEMON.wav,yes,C:\Users\subic\Desktop\Experiment 1\Images\lemon.jpg,n,,0,0,0,2,,,,,,,,,,,,,,,,,,0,2,2,3,,,,,,,,,,,,,,,,,0,0,0,0,,,,,0,17,17,17,,,,,,,,,,,,,,,,,,,,,,,,,,,,,,,,,,,,,,,,,,,,,,,,,,,,,,,,,2235.7752526167314,2236.1751961040027,n,1,0.3670302560458367,2239.7917632696226,2240.2917536093264,,,,,,,,,,153,001,2019_Sep_03_1613,Experiment 1_July3,3.1.0,60.00130416822486,
,,,,,,,,,,0.230853503,,VisualStimulus,Flower,Lavender,Lavender,C:\Users\subic\Desktop\Experiment 1\Sounds\LAVENDER.wav,yes,C:\Users\subic\Desktop\Experiment 1\Images\lavender.jpg,n,,0,0,0,2,,,,,,,,,,,,,,,,,,0,2,2,3,,,,,,,,,,,,,,,,,0,0,0,0,,,,,0,18,18,18,,,,,,,,,,,,,,,,,,,,,,,,,,,,,,,,,,,,,,,,,,,,,,,,,,,,,,,,,2246.274852921997,2246.674824182617,m,0,0.43392236986619537,2250.358162708362,2250.8580510111933,,,,,,,,,,153,001,2019_Sep_03_1613,Experiment 1_July3,3.1.0,60.00130416822486,
,,,,,,,,,,0.222024231,,VisualStimulus,Fruit,Lemon,Lemon,C:\Users\subic\Desktop\Experiment 1\Sounds\LEMON.wav,yes,C:\Users\subic\Desktop\Experiment 1\Images\lemon.jpg,n,,0,0,0,2,,,,,,,,,,,,,,,,,,0,2,2,3,,,,,,,,,,,,,,,,,0,0,0,0,,,,,0,19,19,19,,,,,,,,,,,,,,,,,,,,,,,,,,,,,,,,,,,,,,,,,,,,,,,,,,,,,,,,,2256.774543188767,2257.1746092410394,n,1,0.3670350861939369,2260.791085841389,2261.291046596438,,,,,,,,,,153,001,2019_Sep_03_1613,Experiment 1_July3,3.1.0,60.00130416822486,
,,,,,,,,,,0.144370759,,VisualStimulus,Flower,Lavender,Lavender,C:\Users\subic\Desktop\Experiment 1\Sounds\LAVENDER.wav,yes,C:\Users\subic\Desktop\Experiment 1\Images\lavender.jpg,n,,0,0,0,2,,,,,,,,,,,,,,,,,,0,2,2,3,,,,,,,,,,,,,,,,,0,0,0,0,,,,,0,20,20,20,,,,,,,,,,,,,,,,,,,,,,,,,,,,,,,,,,,,,,,,,,,,,,,,,,,,,,,,,2267.2741815314475,2267.6741147546527,n,1,0.6337003038133844,2271.5573115155566,2272.0573489492017,,,,,,,,,,153,001,2019_Sep_03_1613,Experiment 1_July3,3.1.0,60.00130416822486,
,,,,,,,,,,0.857241965,,VisualStimulus,Fruit,Lemon,Pear,C:\Users\subic\Desktop\Experiment 1\Sounds\PEAR.wav,no,C:\Users\subic\Desktop\Experiment 1\Images\lemon.jpg,m,,0,0,0,2,,,,,,,,,,,,,,,,,,0,2,2,3,,,,,,,,,,,,,,,,,0,0,0,0,,,,,0,21,21,21,,,,,,,,,,,,,,,,,,,,,,,,,,,,,,,,,,,,,,,,,,,,,,,,,,,,,,,,,2277.7738325532664,2278.173820115633,m,1,0.7169702414576022,2282.1403532287113,2282.640335719425,,,,,,,,,,153,001,2019_Sep_03_1613,Experiment 1_July3,3.1.0,60.00130416822486,
,,,,,,,,,,0.744330549,,VisualStimulus,Flower,Lilac,Lavender,C:\Users\subic\Desktop\Experiment 1\Sounds\LAVENDER.wav,no,C:\Users\subic\Desktop\Experiment 1\Images\lilac.jpg,m,,0,0,0,2,,,,,,,,,,,,,,,,,,0,2,2,3,,,,,,,,,,,,,,,,,0,0,0,0,,,,,0,22,22,22,,,,,,,,,,,,,,,,,,,,,,,,,,,,,,,,,,,,,,,,,,,,,,,,,,,,,,,,,2288.2735234238025,2288.673443364103,m,1,0.5003870155960612,2292.4233389121546,2292.9232851767592,,,,,,,,,,153,001,2019_Sep_03_1613,Experiment 1_July3,3.1.0,60.00130416822486,
,,,,,,,,,,0.651300997,,VisualStimulus,Fruit,Pear,Lavender,C:\Users\subic\Desktop\Experiment 1\Sounds\LAVENDER.wav,no,C:\Users\subic\Desktop\Experiment 1\Images\pear.jpg,m,,0,0,0,2,,,,,,,,,,,,,,,,,,0,2,2,3,,,,,,,,,,,,,,,,,0,0,0,0,,,,,0,23,23,23,,,,,,,,,,,,,,,,,,,,,,,,,,,,,,,,,,,,,,,,,,,,,,,,,,,,,,,,,2298.7731285592163,2299.1730732540236,m,1,0.5336745832792076,2302.9563771234534,2303.4562636149785,,,,,,,,,,153,001,2019_Sep_03_1613,Experiment 1_July3,3.1.0,60.00130416822486,
,,,,,,,,,,,,,,,,,,,,,0,0,0,2,,,,,,,,,,,,,,,,,,0,2,2,3,,,,,,,,,,,,,,,,,0,0,0,0,,,,,,,,,,,,,,,,,,,,,,,,,,,,,,,,,,,,,,,,,,,,,,,,,,,,,,,,,,,,,,,,,,,,,,,,space,1.6336997000507836,,,,,,,,153,001,2019_Sep_03_1613,Experiment 1_July3,3.1.0,60.00130416822486,
,,,,,,,,,,0.414246995,,VisualStimulus,Flower,Lilac,Pear,C:\Users\subic\Desktop\Experiment 1\Sounds\PEAR.wav,no,C:\Users\subic\Desktop\Experiment 1\Images\lilac.jpg,m,,0,0,0,2,,,,,,,,,,,,,,,,,,0,2,2,3,,,,,,,,,,,,,,,,,1,0,1,0,,,,,0,0,0,0,,,,,,,,,,,,,,,,,,,,,,,,,,,,,,,,,,,,,,,,,,,,,,,,,,,,,,,space,16.366564750547695,2331.555339607694,2331.95532113238,m,1,0.3336750662965642,2335.538565107978,2336.038502919826,,,,,,,,,,153,001,2019_Sep_03_1613,Experiment 1_July3,3.1.0,60.00130416822486,
,,,,,,,,,,0.259929755,,VisualStimulus,Fruit,Pear,Lilac,C:\Users\subic\Desktop\Experiment 1\Sounds\LILAC.wav,no,C:\Users\subic\Desktop\Experiment 1\Images\pear.jpg,m,,0,0,0,2,,,,,,,,,,,,,,,,,,0,2,2,3,,,,,,,,,,,,,,,,,1,0,1,0,,,,,0,1,1,1,,,,,,,,,,,,,,,,,,,,,,,,,,,,,,,,,,,,,,,,,,,,,,,,,,,,,,,,,2342.0550165915593,2342.4550005313176,m,1,0.36703146358195227,2346.0715532064933,2346.5715350934406,,,,,,,,,,153,001,2019_Sep_03_1613,Experiment 1_July3,3.1.0,60.00130416822486,
,,,,,,,,,,0.276348969,,VisualStimulus,Flower,Lavender,Lavender,C:\Users\subic\Desktop\Experiment 1\Sounds\LAVENDER.wav,yes,C:\Users\subic\Desktop\Experiment 1\Images\lavender.jpg,n,,0,0,0,2,,,,,,,,,,,,,,,,,,0,2,2,3,,,,,,,,,,,,,,,,,1,0,1,0,,,,,0,2,2,2,,,,,,,,,,,,,,,,,,,,,,,,,,,,,,,,,,,,,,,,,,,,,,,,,,,,,,,,,2352.554629575963,2352.9546092893397,n,1,0.3503692648046126,2356.554609651601,2357.054491916748,,,,,,,,,,153,001,2019_Sep_03_1613,Experiment 1_July3,3.1.0,60.00130416822486,
,,,,,,,,,,0.387382188,,VisualStimulus,Fruit,Pear,Lavender,C:\Users\subic\Desktop\Experiment 1\Sounds\LAVENDER.wav,no,C:\Users\subic\Desktop\Experiment 1\Images\pear.jpg,m,,0,0,0,2,,,,,,,,,,,,,,,,,,0,2,2,3,,,,,,,,,,,,,,,,,1,0,1,0,,,,,0,3,3,3,,,,,,,,,,,,,,,,,,,,,,,,,,,,,,,,,,,,,,,,,,,,,,,,,,,,,,,,,2363.0542818053145,2363.454305593794,m,1,0.4337158810412802,2367.1375161206197,2367.637555969337,,,,,,,,,,153,001,2019_Sep_03_1613,Experiment 1_July3,3.1.0,60.00130416822486,
,,,,,,,,,,0.401422227,,VisualStimulus,Fruit,Lemon,Lemon,C:\Users\subic\Desktop\Experiment 1\Sounds\LEMON.wav,yes,C:\Users\subic\Desktop\Experiment 1\Images\lemon.jpg,n,,0,0,0,2,,,,,,,,,,,,,,,,,,0,2,2,3,,,,,,,,,,,,,,,,,1,0,1,0,,,,,0,4,4,4,,,,,,,,,,,,,,,,,,,,,,,,,,,,,,,,,,,,,,,,,,,,,,,,,,,,,,,,,2373.5539744871603,2373.9539535967706,n,1,0.3500347770641383,2377.553835620409,2378.0538525259253,,,,,,,,,,153,001,2019_Sep_03_1613,Experiment 1_July3,3.1.0,60.00130416822486,
,,,,,,,,,,0.252720827,,VisualStimulus,Fruit,Pear,Pear,C:\Users\subic\Desktop\Experiment 1\Sounds\PEAR.wav,yes,C:\Users\subic\Desktop\Experiment 1\Images\pear.jpg,n,,0,0,0,2,,,,,,,,,,,,,,,,,,0,2,2,3,,,,,,,,,,,,,,,,,1,0,1,0,,,,,0,5,5,5,,,,,,,,,,,,,,,,,,,,,,,,,,,,,,,,,,,,,,,,,,,,,,,,,,,,,,,,,2384.053614641143,2384.4536040148196,n,1,0.3003446310503932,2388.0034934044343,2388.503468649924,,,,,,,,,,153,001,2019_Sep_03_1613,Experiment 1_July3,3.1.0,60.00130416822486,
,,,,,,,,,,0.978436183,,VisualStimulus,Flower,Lavender,Lemon,C:\Users\subic\Desktop\Experiment 1\Sounds\LEMON.wav,no,C:\Users\subic\Desktop\Experiment 1\Images\lavender.jpg,m,,0,0,0,2,,,,,,,,,,,,,,,,,,0,2,2,3,,,,,,,,,,,,,,,,,1,0,1,0,,,,,0,6,6,6,,,,,,,,,,,,,,,,,,,,,,,,,,,,,,,,,,,,,,,,,,,,,,,,,,,,,,,,,2394.55326324789,2394.9532496027205,m,1,0.33370948109950405,2398.536464597433,2399.0363921452154,,,,,,,,,,153,001,2019_Sep_03_1613,Experiment 1_July3,3.1.0,60.00130416822486,
,,,,,,,,,,0.808634639,,VisualStimulus,Fruit,Lemon,Pear,C:\Users\subic\Desktop\Experiment 1\Sounds\PEAR.wav,no,C:\Users\subic\Desktop\Experiment 1\Images\lemon.jpg,m,,0,0,0,2,,,,,,,,,,,,,,,,,,0,2,2,3,,,,,,,,,,,,,,,,,1,0,1,0,,,,,0,7,7,7,,,,,,,,,,,,,,,,,,,,,,,,,,,,,,,,,,,,,,,,,,,,,,,,,,,,,,,,,2405.052914269705,2405.4529006245393,m,1,0.3670067090752127,2409.069455714791,2409.5694345828924,,,,,,,,,,153,001,2019_Sep_03_1613,Experiment 1_July3,3.1.0,60.00130416822486,
,,,,,,,,,,0.514109437,,VisualStimulus,Flower,Lilac,Lilac,C:\Users\subic\Desktop\Experiment 1\Sounds\LILAC.wav,yes,C:\Users\subic\Desktop\Experiment 1\Images\lilac.jpg,n,,0,0,0,2,,,,,,,,,,,,,,,,,,0,2,2,3,,,,,,,,,,,,,,,,,1,0,1,0,,,,,0,8,8,8,,,,,,,,,,,,,,,,,,,,,,,,,,,,,,,,,,,,,,,,,,,,,,,,,,,,,,,,,2415.552564083988,2415.9525516463546,n,1,0.36712263262234046,2419.569100698922,2420.069079567027,,,,,,,,,,153,001,2019_Sep_03_1613,Experiment 1_July3,3.1.0,60.00130416822486,
,,,,,,,,,,0.442220778,,VisualStimulus,Fruit,Pear,Lemon,C:\Users\subic\Desktop\Experiment 1\Sounds\LEMON.wav,no,C:\Users\subic\Desktop\Experiment 1\Images\pear.jpg,m,,0,0,0,2,,,,,,,,,,,,,,,,,,0,2,2,3,,,,,,,,,,,,,,,,,1,0,1,0,,,,,0,9,9,9,,,,,,,,,,,,,,,,,,,,,,,,,,,,,,,,,,,,,,,,,,,,,,,,,,,,,,,,,2426.052215709573,2426.4522044794794,m,1,0.4004047663875099,2430.102155211971,2430.6020616278583,,,,,,,,,,153,001,2019_Sep_03_1613,Experiment 1_July3,3.1.0,60.00130416822486,
,,,,,,,,,,0.462327622,,VisualStimulus,Flower,Lavender,Lavender,C:\Users\subic\Desktop\Experiment 1\Sounds\LAVENDER.wav,yes,C:\Users\subic\Desktop\Experiment 1\Images\lavender.jpg,n,,0,0,0,2,,,,,,,,,,,,,,,,,,0,2,2,3,,,,,,,,,,,,,,,,,1,0,1,0,,,,,0,10,10,10,,,,,,,,,,,,,,,,,,,,,,,,,,,,,,,,,,,,,,,,,,,,,,,,,,,,,,,,,2436.551873976612,2436.9518911236373,n,1,0.3004424415448739,2440.501813116749,2441.0017177213304,,,,,,,,,,153,001,2019_Sep_03_1613,Experiment 1_July3,3.1.0,60.00130416822486,
,,,,,,,,,,0.267478285,,VisualStimulus,Fruit,Lemon,Lemon,C:\Users\subic\Desktop\Experiment 1\Sounds\LEMON.wav,yes,C:\Users\subic\Desktop\Experiment 1\Images\lemon.jpg,n,,0,0,0,2,,,,,,,,,,,,,,,,,,0,2,2,3,,,,,,,,,,,,,,,,,1,0,1,0,,,,,0,11,11,11,,,,,,,,,,,,,,,,,,,,,,,,,,,,,,,,,,,,,,,,,,,,,,,,,,,,,,,,,2447.051529224809,2447.4514890138307,n,1,0.4003842382626317,2451.101382992085,2451.6013660865647,,,,,,,,,,153,001,2019_Sep_03_1613,Experiment 1_July3,3.1.0,60.00130416822486,
,,,,,,,,,,0.39973022,,VisualStimulus,Flower,Lavender,Lilac,C:\Users\subic\Desktop\Experiment 1\Sounds\LILAC.wav,no,C:\Users\subic\Desktop\Experiment 1\Images\lavender.jpg,m,,0,0,0,2,,,,,,,,,,,,,,,,,,0,2,2,3,,,,,,,,,,,,,,,,,1,0,1,0,,,,,0,12,12,12,,,,,,,,,,,,,,,,,,,,,,,,,,,,,,,,,,,,,,,,,,,,,,,,,,,,,,,,,2457.55133420759,2457.951148488406,n,0,0.48371213768041343,2461.6843492341795,2462.1843425927254,,,,,,,,,,153,001,2019_Sep_03_1613,Experiment 1_July3,3.1.0,60.00130416822486,
,,,,,,,,,,0.294218144,,VisualStimulus,Flower,Lilac,Lilac,C:\Users\subic\Desktop\Experiment 1\Sounds\LILAC.wav,yes,C:\Users\subic\Desktop\Experiment 1\Images\lilac.jpg,n,,0,0,0,2,,,,,,,,,,,,,,,,,,0,2,2,3,,,,,,,,,,,,,,,,,1,0,1,0,,,,,0,13,13,13,,,,,,,,,,,,,,,,,,,,,,,,,,,,,,,,,,,,,,,,,,,,,,,,,,,,,,,,,2468.050819193075,2468.450833925028,n,1,0.4503497027071717,2472.150739254128,2472.6506897451145,,,,,,,,,,153,001,2019_Sep_03_1613,Experiment 1_July3,3.1.0,60.00130416822486,
,,,,,,,,,,0.478390704,,VisualStimulus,Fruit,Pear,Pear,C:\Users\subic\Desktop\Experiment 1\Sounds\PEAR.wav,yes,C:\Users\subic\Desktop\Experiment 1\Images\pear.jpg,n,,0,0,0,2,,,,,,,,,,,,,,,,,,0,2,2,3,,,,,,,,,,,,,,,,,1,0,1,0,,,,,0,14,14,14,,,,,,,,,,,,,,,,,,,,,,,,,,,,,,,,,,,,,,,,,,,,,,,,,,,,,,,,,2478.5504671960516,2478.950482531771,n,1,0.35038194394292077,2482.550333159448,2483.050327121764,,,,,,,,,,153,001,2019_Sep_03_1613,Experiment 1_July3,3.1.0,60.00130416822486,
,,,,,,,,,,0.941975581,,VisualStimulus,Flower,Lilac,Lemon,C:\Users\subic\Desktop\Experiment 1\Sounds\LEMON.wav,no,C:\Users\subic\Desktop\Experiment 1\Images\lilac.jpg,m,,0,0,0,2,,,,,,,,,,,,,,,,,,0,2,2,3,,,,,,,,,,,,,,,,,1,0,1,0,,,,,0,15,15,15,,,,,,,,,,,,,,,,,,,,,,,,,,,,,,,,,,,,,,,,,,,,,,,,,,,,,,,,,2489.0501502175975,2489.450104572701,m,1,0.4170253051452164,2493.116614863331,2493.6165991653506,,,,,,,,,,153,001,2019_Sep_03_1613,Experiment 1_July3,3.1.0,60.00130416822486,
,,,,,,,,,,0.937682413,,VisualStimulus,Flower,Lavender,Lavender,C:\Users\subic\Desktop\Experiment 1\Sounds\LAVENDER.wav,yes,C:\Users\subic\Desktop\Experiment 1\Images\lavender.jpg,n,,0,0,0,2,,,,,,,,,,,,,,,,,,0,2,2,3,,,,,,,,,,,,,,,,,1,0,1,0,,,,,0,16,16,16,,,,,,,,,,,,,,,,,,,,,,,,,,,,,,,,,,,,,,,,,,,,,,,,,,,,,,,,,2499.5498042582585,2499.9497199721773,n,1,0.7670637048213393,2503.966263228569,2504.4662312288383,,,,,,,,,,153,001,2019_Sep_03_1613,Experiment 1_July3,3.1.0,60.00130416822486,
,,,,,,,,,,0.628036208,,VisualStimulus,Fruit,Pear,Pear,C:\Users\subic\Desktop\Experiment 1\Sounds\PEAR.wav,yes,C:\Users\subic\Desktop\Experiment 1\Images\pear.jpg,n,,0,0,0,2,,,,,,,,,,,,,,,,,,0,2,2,3,,,,,,,,,,,,,,,,,1,0,1,0,,,,,0,17,17,17,,,,,,,,,,,,,,,,,,,,,,,,,,,,,,,,,,,,,,,,,,,,,,,,,,,,,,,,,2510.0494890911104,2510.449412050253,n,1,0.43374063555165776,2514.132611105477,2514.632651557964,,,,,,,,,,153,001,2019_Sep_03_1613,Experiment 1_July3,3.1.0,60.00130416822486,
,,,,,,,,,,0.277740686,,VisualStimulus,Flower,Lilac,Lilac,C:\Users\subic\Desktop\Experiment 1\Sounds\LILAC.wav,yes,C:\Users\subic\Desktop\Experiment 1\Images\lilac.jpg,n,,0,0,0,2,,,,,,,,,,,,,,,,,,0,2,2,3,,,,,,,,,,,,,,,,,1,0,1,0,,,,,0,18,18,18,,,,,,,,,,,,,,,,,,,,,,,,,,,,,,,,,,,,,,,,,,,,,,,,,,,,,,,,,2520.5490592079514,2520.949061260766,n,1,0.4003643139003543,2524.5989316920495,2525.098916597839,,,,,,,,,,153,001,2019_Sep_03_1613,Experiment 1_July3,3.1.0,60.00130416822486,
,,,,,,,,,,0.585191788,,VisualStimulus,Fruit,Lemon,Lilac,C:\Users\subic\Desktop\Experiment 1\Sounds\LILAC.wav,no,C:\Users\subic\Desktop\Experiment 1\Images\lemon.jpg,m,,0,0,0,2,,,,,,,,,,,,,,,,,,0,2,2,3,,,,,,,,,,,,,,,,,1,0,1,0,,,,,0,19,19,19,,,,,,,,,,,,,,,,,,,,,,,,,,,,,,,,,,,,,,,,,,,,,,,,,,,,,,,,,2531.048750078491,2531.44867424517,m,1,0.4670523539716669,2535.165206150712,2535.6652635087157,,,,,,,,,,153,001,2019_Sep_03_1613,Experiment 1_July3,3.1.0,60.00130416822486,
,,,,,,,,,,0.032952921,,VisualStimulus,Flower,Lavender,Pear,C:\Users\subic\Desktop\Experiment 1\Sounds\PEAR.wav,no,C:\Users\subic\Desktop\Experiment 1\Images\lavender.jpg,m,,0,0,0,2,,,,,,,,,,,,,,,,,,0,2,2,3,,,,,,,,,,,,,,,,,1,0,1,0,,,,,0,20,20,20,,,,,,,,,,,,,,,,,,,,,,,,,,,,,,,,,,,,,,,,,,,,,,,,,,,,,,,,,2541.5484131756784,2541.9483482101896,m,1,0.5002946390195575,2545.6982262489546,2546.1982202112704,,,,,,,,,,153,001,2019_Sep_03_1613,Experiment 1_July3,3.1.0,60.00130416822486,
,,,,,,,,,,0.456744007,,VisualStimulus,Fruit,Lemon,Lavender,C:\Users\subic\Desktop\Experiment 1\Sounds\LAVENDER.wav,no,C:\Users\subic\Desktop\Experiment 1\Images\lemon.jpg,m,,0,0,0,2,,,,,,,,,,,,,,,,,,0,2,2,3,,,,,,,,,,,,,,,,,1,0,1,0,,,,,0,21,21,21,,,,,,,,,,,,,,,,,,,,,,,,,,,,,,,,,,,,,,,,,,,,,,,,,,,,,,,,,2552.048009254562,2552.4479980244687,m,1,0.3837292847056233,2556.081209879583,2556.5811911627607,,,,,,,,,,153,001,2019_Sep_03_1613,Experiment 1_July3,3.1.0,60.00130416822486,
,,,,,,,,,,0.722617238,,VisualStimulus,Flower,Lilac,Lavender,C:\Users\subic\Desktop\Experiment 1\Sounds\LAVENDER.wav,no,C:\Users\subic\Desktop\Experiment 1\Images\lilac.jpg,m,,0,0,0,2,,,,,,,,,,,,,,,,,,0,2,2,3,,,,,,,,,,,,,,,,,1,0,1,0,,,,,0,22,22,22,,,,,,,,,,,,,,,,,,,,,,,,,,,,,,,,,,,,,,,,,,,,,,,,,,,,,,,,,2562.547658465075,2562.947638782225,m,1,1.4007102732393832,2567.597482043926,2568.09748083639,,,,,,,,,,153,001,2019_Sep_03_1613,Experiment 1_July3,3.1.0,60.00130416822486,
,,,,,,,,,,0.375431967,,VisualStimulus,Fruit,Lemon,Lemon,C:\Users\subic\Desktop\Experiment 1\Sounds\LEMON.wav,yes,C:\Users\subic\Desktop\Experiment 1\Images\lemon.jpg,n,,0,0,0,2,,,,,,,,,,,,,,,,,,0,2,2,3,,,,,,,,,,,,,,,,,1,0,1,0,,,,,0,23,23,23,,,,,,,,,,,,,,,,,,,,,,,,,,,,,,,,,,,,,,,,,,,,,,,,,,,,,,,,,2573.0472962039858,2573.4472572005434,n,1,0.33367808513503405,2577.030511440207,2577.530496949763,,,,,,,,,,153,001,2019_Sep_03_1613,Experiment 1_July3,3.1.0,60.00130416822486,
,,,,,,,,,,,,,,,,,,,,,0,0,0,2,,,,,,,,,,,,,,,,,,0,2,2,3,,,,,,,,,,,,,,,,,1,0,1,0,,,,,,,,,,,,,,,,,,,,,,,,,,,,,,,,,,,,,,,,,,,,,,,,,,,,,,,,,,,,,,,,,,,,,,,,space,1.1503353330117534,,,,,,,,153,001,2019_Sep_03_1613,Experiment 1_July3,3.1.0,60.00130416822486,
,,,,,,,,,,,,,,,,,,,,,0,0,0,2,,,,,,,,,,,,,,,,,,0,2,2,3,,,,,,,,,,,,,,,,,,,,,,,,,,,,,,,,,,,,,,,,,,,,,,,,,,,,,,,,,,,,,,,,,,,,,,,,,,,,,,,,,,,,,,,,,,,,,,,,,,,,,153,001,2019_Sep_03_1613,Experiment 1_July3,3.1.0,60.00130416822486,
,,,,,,,,,,0.373437969,8,OlfactoryStimulus,Flower,Lavender,Lavender,C:\Users\subic\Desktop\Experiment 1\Sounds\LAVENDER.wav,yes,None,n,Lavender,0,0,2,0,,,,,,,,,,,,,,,,,,0,3,3,2,,,,,,,,,,,,,0,0,0,0,,,,,,,,,,,,,0,0,0,0,,,,,,,,,,,,,,,,,,,,,,,,,,,,,,,,,,,,,,,,,,,,,,,,,,,,,,,,,,,,,,space,17.299775881139794,n,1,1.7837349601286405,,,153,001,2019_Sep_03_1613,Experiment 1_July3,3.1.0,60.00130416822486,
,,,,,,,,,,0.645382062,4,OlfactoryStimulus,Flower,Lilac,Pear,C:\Users\subic\Desktop\Experiment 1\Sounds\PEAR.wav,no,None,m,Lilac,0,0,2,0,,,,,,,,,,,,,,,,,,0,3,3,2,,,,,,,,,,,,,0,0,0,0,,,,,,,,,,,,,0,1,1,1,,,,,,,,,,,,,,,,,,,,,,,,,,,,,,,,,,,,,,,,,,,,,,,,,,,,,,,,,,,,,,,,m,1,1.4836131196498172,,,153,001,2019_Sep_03_1613,Experiment 1_July3,3.1.0,60.00130416822486,
,,,,,,,,,,0.527483101,1,OlfactoryStimulus,Fruit,Lemon,Lilac,C:\Users\subic\Desktop\Experiment 1\Sounds\LILAC.wav,no,None,m,Lemon,0,0,2,0,,,,,,,,,,,,,,,,,,0,3,3,2,,,,,,,,,,,,,0,0,0,0,,,,,,,,,,,,,0,2,2,2,,,,,,,,,,,,,,,,,,,,,,,,,,,,,,,,,,,,,,,,,,,,,,,,,,,,,,,,,,,,,,,,m,1,1.6836041838723759,,,153,001,2019_Sep_03_1613,Experiment 1_July3,3.1.0,60.00130416822486,
,,,,,,,,,,0.46473544,8,OlfactoryStimulus,Flower,Lavender,Pear,C:\Users\subic\Desktop\Experiment 1\Sounds\PEAR.wav,no,None,m,Lavender,0,0,2,0,,,,,,,,,,,,,,,,,,0,3,3,2,,,,,,,,,,,,,0,0,0,0,,,,,,,,,,,,,0,3,3,3,,,,,,,,,,,,,,,,,,,,,,,,,,,,,,,,,,,,,,,,,,,,,,,,,,,,,,,,,,,,,,,,m,1,1.9003226538770832,,,153,001,2019_Sep_03_1613,Experiment 1_July3,3.1.0,60.00130416822486,
,,,,,,,,,,0.71977028,1,OlfactoryStimulus,Fruit,Lemon,Lavender,C:\Users\subic\Desktop\Experiment 1\Sounds\LAVENDER.wav,no,None,m,Lemon,0,0,2,0,,,,,,,,,,,,,,,,,,0,3,3,2,,,,,,,,,,,,,0,0,0,0,,,,,,,,,,,,,0,4,4,4,,,,,,,,,,,,,,,,,,,,,,,,,,,,,,,,,,,,,,,,,,,,,,,,,,,,,,,,,,,,,,,,m,1,2.4169812300460762,,,153,001,2019_Sep_03_1613,Experiment 1_July3,3.1.0,60.00130416822486,
,,,,,,,,,,0.907636294,4,OlfactoryStimulus,Flower,Lilac,Lilac,C:\Users\subic\Desktop\Experiment 1\Sounds\LILAC.wav,yes,None,n,Lilac,0,0,2,0,,,,,,,,,,,,,,,,,,0,3,3,2,,,,,,,,,,,,,0,0,0,0,,,,,,,,,,,,,0,5,5,5,,,,,,,,,,,,,,,,,,,,,,,,,,,,,,,,,,,,,,,,,,,,,,,,,,,,,,,,,,,,,,,,n,1,1.9336398062150693,,,153,001,2019_Sep_03_1613,Experiment 1_July3,3.1.0,60.00130416822486,
,,,,,,,,,,0.296922291,2,OlfactoryStimulus,Fruit,Pear,Lavender,C:\Users\subic\Desktop\Experiment 1\Sounds\LAVENDER.wav,no,None,m,Pear,0,0,2,0,,,,,,,,,,,,,,,,,,0,3,3,2,,,,,,,,,,,,,0,0,0,0,,,,,,,,,,,,,0,6,6,6,,,,,,,,,,,,,,,,,,,,,,,,,,,,,,,,,,,,,,,,,,,,,,,,,,,,,,,,,,,,,,,,m,1,1.750047093941248,,,153,001,2019_Sep_03_1613,Experiment 1_July3,3.1.0,60.00130416822486,
,,,,,,,,,,0.370228973,1,OlfactoryStimulus,Fruit,Lemon,Lemon,C:\Users\subic\Desktop\Experiment 1\Sounds\LEMON.wav,yes,None,n,Lemon,0,0,2,0,,,,,,,,,,,,,,,,,,0,3,3,2,,,,,,,,,,,,,0,0,0,0,,,,,,,,,,,,,0,7,7,7,,,,,,,,,,,,,,,,,,,,,,,,,,,,,,,,,,,,,,,,,,,,,,,,,,,,,,,,,,,,,,,,n,1,1.3170110562095942,,,153,001,2019_Sep_03_1613,Experiment 1_July3,3.1.0,60.00130416822486,
,,,,,,,,,,0.954851546,4,OlfactoryStimulus,Flower,Lilac,Lavender,C:\Users\subic\Desktop\Experiment 1\Sounds\LAVENDER.wav,no,None,m,Lilac,0,0,2,0,,,,,,,,,,,,,,,,,,0,3,3,2,,,,,,,,,,,,,0,0,0,0,,,,,,,,,,,,,0,8,8,8,,,,,,,,,,,,,,,,,,,,,,,,,,,,,,,,,,,,,,,,,,,,,,,,,,,,,,,,,,,,,,,,m,1,1.7336342515445722,,,153,001,2019_Sep_03_1613,Experiment 1_July3,3.1.0,60.00130416822486,
,,,,,,,,,,0.995564283,8,OlfactoryStimulus,Flower,Lavender,Lemon,C:\Users\subic\Desktop\Experiment 1\Sounds\LEMON.wav,no,None,m,Lavender,0,0,2,0,,,,,,,,,,,,,,,,,,0,3,3,2,,,,,,,,,,,,,0,0,0,0,,,,,,,,,,,,,0,9,9,9,,,,,,,,,,,,,,,,,,,,,,,,,,,,,,,,,,,,,,,,,,,,,,,,,,,,,,,,,,,,,,,,m,1,2.4170935309812194,,,153,001,2019_Sep_03_1613,Experiment 1_July3,3.1.0,60.00130416822486,
,,,,,,,,,,0.307344181,4,OlfactoryStimulus,Flower,Lilac,Lilac,C:\Users\subic\Desktop\Experiment 1\Sounds\LILAC.wav,yes,None,n,Lilac,0,0,2,0,,,,,,,,,,,,,,,,,,0,3,3,2,,,,,,,,,,,,,0,0,0,0,,,,,,,,,,,,,0,10,10,10,,,,,,,,,,,,,,,,,,,,,,,,,,,,,,,,,,,,,,,,,,,,,,,,,,,,,,,,,,,,,,,,n,1,1.5170661198972084,,,153,001,2019_Sep_03_1613,Experiment 1_July3,3.1.0,60.00130416822486,
,,,,,,,,,,0.860808664,8,OlfactoryStimulus,Flower,Lavender,Lilac,C:\Users\subic\Desktop\Experiment 1\Sounds\LILAC.wav,no,None,m,Lavender,0,0,2,0,,,,,,,,,,,,,,,,,,0,3,3,2,,,,,,,,,,,,,0,0,0,0,,,,,,,,,,,,,0,11,11,11,,,,,,,,,,,,,,,,,,,,,,,,,,,,,,,,,,,,,,,,,,,,,,,,,,,,,,,,,,,,,,,,m,1,2.0999900981951214,,,153,001,2019_Sep_03_1613,Experiment 1_July3,3.1.0,60.00130416822486,
,,,,,,,,,,0.491519843,2,OlfactoryStimulus,Fruit,Pear,Pear,C:\Users\subic\Desktop\Experiment 1\Sounds\PEAR.wav,yes,None,n,Pear,0,0,2,0,,,,,,,,,,,,,,,,,,0,3,3,2,,,,,,,,,,,,,0,0,0,0,,,,,,,,,,,,,0,12,12,12,,,,,,,,,,,,,,,,,,,,,,,,,,,,,,,,,,,,,,,,,,,,,,,,,,,,,,,,,,,,,,,,n,1,1.4169377587131748,,,153,001,2019_Sep_03_1613,Experiment 1_July3,3.1.0,60.00130416822486,
,,,,,,,,,,0.260444034,4,OlfactoryStimulus,Flower,Lilac,Lilac,C:\Users\subic\Desktop\Experiment 1\Sounds\LILAC.wav,yes,None,n,Lilac,0,0,2,0,,,,,,,,,,,,,,,,,,0,3,3,2,,,,,,,,,,,,,0,0,0,0,,,,,,,,,,,,,0,13,13,13,,,,,,,,,,,,,,,,,,,,,,,,,,,,,,,,,,,,,,,,,,,,,,,,,,,,,,,,,,,,,,,,n,1,2.1670301352933166,,,153,001,2019_Sep_03_1613,Experiment 1_July3,3.1.0,60.00130416822486,
,,,,,,,,,,0.299945703,2,OlfactoryStimulus,Fruit,Pear,Lilac,C:\Users\subic\Desktop\Experiment 1\Sounds\LILAC.wav,no,None,m,Pear,0,0,2,0,,,,,,,,,,,,,,,,,,0,3,3,2,,,,,,,,,,,,,0,0,0,0,,,,,,,,,,,,,0,14,14,14,,,,,,,,,,,,,,,,,,,,,,,,,,,,,,,,,,,,,,,,,,,,,,,,,,,,,,,,,,,,,,,,m,1,2.183700786830741,,,153,001,2019_Sep_03_1613,Experiment 1_July3,3.1.0,60.00130416822486,
,,,,,,,,,,0.303794881,8,OlfactoryStimulus,Flower,Lavender,Lavender,C:\Users\subic\Desktop\Experiment 1\Sounds\LAVENDER.wav,yes,None,n,Lavender,0,0,2,0,,,,,,,,,,,,,,,,,,0,3,3,2,,,,,,,,,,,,,0,0,0,0,,,,,,,,,,,,,0,15,15,15,,,,,,,,,,,,,,,,,,,,,,,,,,,,,,,,,,,,,,,,,,,,,,,,,,,,,,,,,,,,,,,,n,1,2.0170896668641944,,,153,001,2019_Sep_03_1613,Experiment 1_July3,3.1.0,60.00130416822486,
,,,,,,,,,,0.568779927,1,OlfactoryStimulus,Fruit,Lemon,Lemon,C:\Users\subic\Desktop\Experiment 1\Sounds\LEMON.wav,yes,None,n,Lemon,0,0,2,0,,,,,,,,,,,,,,,,,,0,3,3,2,,,,,,,,,,,,,0,0,0,0,,,,,,,,,,,,,0,16,16,16,,,,,,,,,,,,,,,,,,,,,,,,,,,,,,,,,,,,,,,,,,,,,,,,,,,,,,,,,,,,,,,,n,1,1.4503086464501393,,,153,001,2019_Sep_03_1613,Experiment 1_July3,3.1.0,60.00130416822486,
,,,,,,,,,,0.672815848,2,OlfactoryStimulus,Fruit,Pear,Pear,C:\Users\subic\Desktop\Experiment 1\Sounds\PEAR.wav,yes,None,n,Pear,0,0,2,0,,,,,,,,,,,,,,,,,,0,3,3,2,,,,,,,,,,,,,0,0,0,0,,,,,,,,,,,,,0,17,17,17,,,,,,,,,,,,,,,,,,,,,,,,,,,,,,,,,,,,,,,,,,,,,,,,,,,,,,,,,,,,,,,,n,1,1.9500417807757913,,,153,001,2019_Sep_03_1613,Experiment 1_July3,3.1.0,60.00130416822486,
,,,,,,,,,,0.080239316,8,OlfactoryStimulus,Flower,Lavender,Lavender,C:\Users\subic\Desktop\Experiment 1\Sounds\LAVENDER.wav,yes,None,n,Lavender,0,0,2,0,,,,,,,,,,,,,,,,,,0,3,3,2,,,,,,,,,,,,,0,0,0,0,,,,,,,,,,,,,0,18,18,18,,,,,,,,,,,,,,,,,,,,,,,,,,,,,,,,,,,,,,,,,,,,,,,,,,,,,,,,,,,,,,,,n,1,2.8501651910555665,,,153,001,2019_Sep_03_1613,Experiment 1_July3,3.1.0,60.00130416822486,
,,,,,,,,,,0.279979217,2,OlfactoryStimulus,Fruit,Pear,Pear,C:\Users\subic\Desktop\Experiment 1\Sounds\PEAR.wav,yes,None,n,Pear,0,0,2,0,,,,,,,,,,,,,,,,,,0,3,3,2,,,,,,,,,,,,,0,0,0,0,,,,,,,,,,,,,0,19,19,19,,,,,,,,,,,,,,,,,,,,,,,,,,,,,,,,,,,,,,,,,,,,,,,,,,,,,,,,,,,,,,,,n,1,2.866929426709248,,,153,001,2019_Sep_03_1613,Experiment 1_July3,3.1.0,60.00130416822486,
,,,,,,,,,,0.720496478,1,OlfactoryStimulus,Fruit,Lemon,Lemon,C:\Users\subic\Desktop\Experiment 1\Sounds\LEMON.wav,yes,None,n,Lemon,0,0,2,0,,,,,,,,,,,,,,,,,,0,3,3,2,,,,,,,,,,,,,0,0,0,0,,,,,,,,,,,,,0,20,20,20,,,,,,,,,,,,,,,,,,,,,,,,,,,,,,,,,,,,,,,,,,,,,,,,,,,,,,,,,,,,,,,,n,1,1.567142677737138,,,153,001,2019_Sep_03_1613,Experiment 1_July3,3.1.0,60.00130416822486,
,,,,,,,,,,0.548927043,4,OlfactoryStimulus,Flower,Lilac,Lemon,C:\Users\subic\Desktop\Experiment 1\Sounds\LEMON.wav,no,None,m,Lilac,0,0,2,0,,,,,,,,,,,,,,,,,,0,3,3,2,,,,,,,,,,,,,0,0,0,0,,,,,,,,,,,,,0,21,21,21,,,,,,,,,,,,,,,,,,,,,,,,,,,,,,,,,,,,,,,,,,,,,,,,,,,,,,,,,,,,,,,,m,1,2.9170506634218327,,,153,001,2019_Sep_03_1613,Experiment 1_July3,3.1.0,60.00130416822486,
,,,,,,,,,,0.909585235,1,OlfactoryStimulus,Fruit,Lemon,Pear,C:\Users\subic\Desktop\Experiment 1\Sounds\PEAR.wav,no,None,m,Lemon,0,0,2,0,,,,,,,,,,,,,,,,,,0,3,3,2,,,,,,,,,,,,,0,0,0,0,,,,,,,,,,,,,0,22,22,22,,,,,,,,,,,,,,,,,,,,,,,,,,,,,,,,,,,,,,,,,,,,,,,,,,,,,,,,,,,,,,,,m,1,2.6003354537679115,,,153,001,2019_Sep_03_1613,Experiment 1_July3,3.1.0,60.00130416822486,
,,,,,,,,,,0.066004041,2,OlfactoryStimulus,Fruit,Pear,Lemon,C:\Users\subic\Desktop\Experiment 1\Sounds\LEMON.wav,no,None,m,Pear,0,0,2,0,,,,,,,,,,,,,,,,,,0,3,3,2,,,,,,,,,,,,,0,0,0,0,,,,,,,,,,,,,0,23,23,23,,,,,,,,,,,,,,,,,,,,,,,,,,,,,,,,,,,,,,,,,,,,,,,,,,,,,,,,,,,,,,,,m,1,1.7507347862410825,,,153,001,2019_Sep_03_1613,Experiment 1_July3,3.1.0,60.00130416822486,
,,,,,,,,,,,,,,,,,,,,,0,0,2,0,,,,,,,,,,,,,,,,,,0,3,3,2,,,,,,,,,,,,,0,0,0,0,,,,,,,,,,,,,,,,,,,,,,,,,,,,,,,,,,,,,,,,,,,,,,,,,,,,,,,,,,,,,,,,,,,,,,,,,,,,,,,,,,,space,1.7003183067427017,153,001,2019_Sep_03_1613,Experiment 1_July3,3.1.0,60.00130416822486,
,,,,,,,,,,0.872782771,2,OlfactoryStimulus,Fruit,Pear,Pear,C:\Users\subic\Desktop\Experiment 1\Sounds\PEAR.wav,yes,None,n,Pear,0,0,2,0,,,,,,,,,,,,,,,,,,0,3,3,2,,,,,,,,,,,,,1,0,1,0,,,,,,,,,,,,,0,0,0,0,,,,,,,,,,,,,,,,,,,,,,,,,,,,,,,,,,,,,,,,,,,,,,,,,,,,,,,,,,,,,,space,15.56659083334307,n,1,1.2502994691676577,,,153,001,2019_Sep_03_1613,Experiment 1_July3,3.1.0,60.00130416822486,
,,,,,,,,,,0.174221544,8,OlfactoryStimulus,Flower,Lavender,Lemon,C:\Users\subic\Desktop\Experiment 1\Sounds\LEMON.wav,no,None,m,Lavender,0,0,2,0,,,,,,,,,,,,,,,,,,0,3,3,2,,,,,,,,,,,,,1,0,1,0,,,,,,,,,,,,,0,1,1,1,,,,,,,,,,,,,,,,,,,,,,,,,,,,,,,,,,,,,,,,,,,,,,,,,,,,,,,,,,,,,,,,m,1,1.1170580293946841,,,153,001,2019_Sep_03_1613,Experiment 1_July3,3.1.0,60.00130416822486,
,,,,,,,,,,0.768094076,2,OlfactoryStimulus,Fruit,Pear,Pear,C:\Users\subic\Desktop\Experiment 1\Sounds\PEAR.wav,yes,None,n,Pear,0,0,2,0,,,,,,,,,,,,,,,,,,0,3,3,2,,,,,,,,,,,,,1,0,1,0,,,,,,,,,,,,,0,2,2,2,,,,,,,,,,,,,,,,,,,,,,,,,,,,,,,,,,,,,,,,,,,,,,,,,,,,,,,,,,,,,,,,n,1,2.0670001883772784,,,153,001,2019_Sep_03_1613,Experiment 1_July3,3.1.0,60.00130416822486,
,,,,,,,,,,0.239263505,1,OlfactoryStimulus,Fruit,Lemon,Lemon,C:\Users\subic\Desktop\Experiment 1\Sounds\LEMON.wav,yes,None,n,Lemon,0,0,2,0,,,,,,,,,,,,,,,,,,0,3,3,2,,,,,,,,,,,,,1,0,1,0,,,,,,,,,,,,,0,3,3,3,,,,,,,,,,,,,,,,,,,,,,,,,,,,,,,,,,,,,,,,,,,,,,,,,,,,,,,,,,,,,,,,n,1,1.48362942140011,,,153,001,2019_Sep_03_1613,Experiment 1_July3,3.1.0,60.00130416822486,
,,,,,,,,,,0.013480935,2,OlfactoryStimulus,Fruit,Pear,Lilac,C:\Users\subic\Desktop\Experiment 1\Sounds\LILAC.wav,no,None,m,Pear,0,0,2,0,,,,,,,,,,,,,,,,,,0,3,3,2,,,,,,,,,,,,,1,0,1,0,,,,,,,,,,,,,0,4,4,4,,,,,,,,,,,,,,,,,,,,,,,,,,,,,,,,,,,,,,,,,,,,,,,,,,,,,,,,,,,,,,,,m,1,2.0003133558420814,,,153,001,2019_Sep_03_1613,Experiment 1_July3,3.1.0,60.00130416822486,
,,,,,,,,,,0.383337803,4,OlfactoryStimulus,Flower,Lilac,Lavender,C:\Users\subic\Desktop\Experiment 1\Sounds\LAVENDER.wav,no,None,m,Lilac,0,0,2,0,,,,,,,,,,,,,,,,,,0,3,3,2,,,,,,,,,,,,,1,0,1,0,,,,,,,,,,,,,0,5,5,5,,,,,,,,,,,,,,,,,,,,,,,,,,,,,,,,,,,,,,,,,,,,,,,,,,,,,,,,,,,,,,,,n,0,1.5003230161382817,,,153,001,2019_Sep_03_1613,Experiment 1_July3,3.1.0,60.00130416822486,
,,,,,,,,,,0.988235711,8,OlfactoryStimulus,Flower,Lavender,Lilac,C:\Users\subic\Desktop\Experiment 1\Sounds\LILAC.wav,no,None,m,Lavender,0,0,2,0,,,,,,,,,,,,,,,,,,0,3,3,2,,,,,,,,,,,,,1,0,1,0,,,,,,,,,,,,,0,6,6,6,,,,,,,,,,,,,,,,,,,,,,,,,,,,,,,,,,,,,,,,,,,,,,,,,,,,,,,,,,,,,,,,m,1,2.716970845227479,,,153,001,2019_Sep_03_1613,Experiment 1_July3,3.1.0,60.00130416822486,
,,,,,,,,,,0.0521147,1,OlfactoryStimulus,Fruit,Lemon,Lavender,C:\Users\subic\Desktop\Experiment 1\Sounds\LAVENDER.wav,no,None,m,Lemon,0,0,2,0,,,,,,,,,,,,,,,,,,0,3,3,2,,,,,,,,,,,,,1,0,1,0,,,,,,,,,,,,,0,7,7,7,,,,,,,,,,,,,,,,,,,,,,,,,,,,,,,,,,,,,,,,,,,,,,,,,,,,,,,,,,,,,,,,m,1,2.5336413760123833,,,153,001,2019_Sep_03_1613,Experiment 1_July3,3.1.0,60.00130416822486,
,,,,,,,,,,0.346824902,4,OlfactoryStimulus,Flower,Lilac,Lemon,C:\Users\subic\Desktop\Experiment 1\Sounds\LEMON.wav,no,None,m,Lilac,0,0,2,0,,,,,,,,,,,,,,,,,,0,3,3,2,,,,,,,,,,,,,1,0,1,0,,,,,,,,,,,,,0,8,8,8,,,,,,,,,,,,,,,,,,,,,,,,,,,,,,,,,,,,,,,,,,,,,,,,,,,,,,,,,,,,,,,,m,1,1.0336570739927993,,,153,001,2019_Sep_03_1613,Experiment 1_July3,3.1.0,60.00130416822486,
,,,,,,,,,,0.636137642,2,OlfactoryStimulus,Fruit,Pear,Lavender,C:\Users\subic\Desktop\Experiment 1\Sounds\LAVENDER.wav,no,None,m,Pear,0,0,2,0,,,,,,,,,,,,,,,,,,0,3,3,2,,,,,,,,,,,,,1,0,1,0,,,,,,,,,,,,,0,9,9,9,,,,,,,,,,,,,,,,,,,,,,,,,,,,,,,,,,,,,,,,,,,,,,,,,,,,,,,,,,,,,,,,m,1,1.8504066984496603,,,153,001,2019_Sep_03_1613,Experiment 1_July3,3.1.0,60.00130416822486,
,,,,,,,,,,0.983679875,8,OlfactoryStimulus,Flower,Lavender,Lavender,C:\Users\subic\Desktop\Experiment 1\Sounds\LAVENDER.wav,yes,None,n,Lavender,0,0,2,0,,,,,,,,,,,,,,,,,,0,3,3,2,,,,,,,,,,,,,1,0,1,0,,,,,,,,,,,,,0,10,10,10,,,,,,,,,,,,,,,,,,,,,,,,,,,,,,,,,,,,,,,,,,,,,,,,,,,,,,,,,,,,,,,,n,1,1.800303574793361,,,153,001,2019_Sep_03_1613,Experiment 1_July3,3.1.0,60.00130416822486,
,,,,,,,,,,0.743377255,4,OlfactoryStimulus,Flower,Lilac,Lilac,C:\Users\subic\Desktop\Experiment 1\Sounds\LILAC.wav,yes,None,n,Lilac,0,0,2,0,,,,,,,,,,,,,,,,,,0,3,3,2,,,,,,,,,,,,,1,0,1,0,,,,,,,,,,,,,0,11,11,11,,,,,,,,,,,,,,,,,,,,,,,,,,,,,,,,,,,,,,,,,,,,,,,,,,,,,,,,,,,,,,,,n,1,1.6003354537679115,,,153,001,2019_Sep_03_1613,Experiment 1_July3,3.1.0,60.00130416822486,
,,,,,,,,,,0.371290707,1,OlfactoryStimulus,Fruit,Lemon,Pear,C:\Users\subic\Desktop\Experiment 1\Sounds\PEAR.wav,no,None,m,Lemon,0,0,2,0,,,,,,,,,,,,,,,,,,0,3,3,2,,,,,,,,,,,,,1,0,1,0,,,,,,,,,,,,,0,12,12,12,,,,,,,,,,,,,,,,,,,,,,,,,,,,,,,,,,,,,,,,,,,,,,,,,,,,,,,,,,,,,,,,m,1,0.9835624030929466,,,153,001,2019_Sep_03_1613,Experiment 1_July3,3.1.0,60.00130416822486,
,,,,,,,,,,0.306607345,2,OlfactoryStimulus,Fruit,Pear,Pear,C:\Users\subic\Desktop\Experiment 1\Sounds\PEAR.wav,yes,None,n,Pear,0,0,2,0,,,,,,,,,,,,,,,,,,0,3,3,2,,,,,,,,,,,,,1,0,1,0,,,,,,,,,,,,,0,13,13,13,,,,,,,,,,,,,,,,,,,,,,,,,,,,,,,,,,,,,,,,,,,,,,,,,,,,,,,,,,,,,,,,n,1,1.1836597305737087,,,153,001,2019_Sep_03_1613,Experiment 1_July3,3.1.0,60.00130416822486,
,,,,,,,,,,0.819488854,1,OlfactoryStimulus,Fruit,Lemon,Lemon,C:\Users\subic\Desktop\Experiment 1\Sounds\LEMON.wav,yes,None,n,Lemon,0,0,2,0,,,,,,,,,,,,,,,,,,0,3,3,2,,,,,,,,,,,,,1,0,1,0,,,,,,,,,,,,,0,14,14,14,,,,,,,,,,,,,,,,,,,,,,,,,,,,,,,,,,,,,,,,,,,,,,,,,,,,,,,,,,,,,,,,n,1,0.9836481382189959,,,153,001,2019_Sep_03_1613,Experiment 1_July3,3.1.0,60.00130416822486,
,,,,,,,,,,0.669429514,4,OlfactoryStimulus,Flower,Lilac,Pear,C:\Users\subic\Desktop\Experiment 1\Sounds\PEAR.wav,no,None,m,Lilac,0,0,2,0,,,,,,,,,,,,,,,,,,0,3,3,2,,,,,,,,,,,,,1,0,1,0,,,,,,,,,,,,,0,15,15,15,,,,,,,,,,,,,,,,,,,,,,,,,,,,,,,,,,,,,,,,,,,,,,,,,,,,,,,,,,,,,,,,m,1,1.1670059845528158,,,153,001,2019_Sep_03_1613,Experiment 1_July3,3.1.0,60.00130416822486,
,,,,,,,,,,0.308474317,1,OlfactoryStimulus,Fruit,Lemon,Lilac,C:\Users\subic\Desktop\Experiment 1\Sounds\LILAC.wav,no,None,m,Lemon,0,0,2,0,,,,,,,,,,,,,,,,,,0,3,3,2,,,,,,,,,,,,,1,0,1,0,,,,,,,,,,,,,0,16,16,16,,,,,,,,,,,,,,,,,,,,,,,,,,,,,,,,,,,,,,,,,,,,,,,,,,,,,,,,,,,,,,,,n,0,2.699974762475904,,,153,001,2019_Sep_03_1613,Experiment 1_July3,3.1.0,60.00130416822486,
,,,,,,,,,,0.105280397,8,OlfactoryStimulus,Flower,Lavender,Lavender,C:\Users\subic\Desktop\Experiment 1\Sounds\LAVENDER.wav,yes,None,n,Lavender,0,0,2,0,,,,,,,,,,,,,,,,,,0,3,3,2,,,,,,,,,,,,,1,0,1,0,,,,,,,,,,,,,0,17,17,17,,,,,,,,,,,,,,,,,,,,,,,,,,,,,,,,,,,,,,,,,,,,,,,,,,,,,,,,,,,,,,,,n,1,1.5503416122046474,,,153,001,2019_Sep_03_1613,Experiment 1_July3,3.1.0,60.00130416822486,
,,,,,,,,,,0.587777564,1,OlfactoryStimulus,Fruit,Lemon,Lemon,C:\Users\subic\Desktop\Experiment 1\Sounds\LEMON.wav,yes,None,n,Lemon,0,0,2,0,,,,,,,,,,,,,,,,,,0,3,3,2,,,,,,,,,,,,,1,0,1,0,,,,,,,,,,,,,0,18,18,18,,,,,,,,,,,,,,,,,,,,,,,,,,,,,,,,,,,,,,,,,,,,,,,,,,,,,,,,,,,,,,,,n,1,1.9337931634108827,,,153,001,2019_Sep_03_1613,Experiment 1_July3,3.1.0,60.00130416822486,
,,,,,,,,,,0.694761978,8,OlfactoryStimulus,Flower,Lavender,Lavender,C:\Users\subic\Desktop\Experiment 1\Sounds\LAVENDER.wav,yes,None,n,Lavender,0,0,2,0,,,,,,,,,,,,,,,,,,0,3,3,2,,,,,,,,,,,,,1,0,1,0,,,,,,,,,,,,,0,19,19,19,,,,,,,,,,,,,,,,,,,,,,,,,,,,,,,,,,,,,,,,,,,,,,,,,,,,,,,,,,,,,,,,n,1,2.8002733863686444,,,153,001,2019_Sep_03_1613,Experiment 1_July3,3.1.0,60.00130416822486,
,,,,,,,,,,0.662047857,4,OlfactoryStimulus,Flower,Lilac,Lilac,C:\Users\subic\Desktop\Experiment 1\Sounds\LILAC.wav,yes,None,n,Lilac,0,0,2,0,,,,,,,,,,,,,,,,,,0,3,3,2,,,,,,,,,,,,,1,0,1,0,,,,,,,,,,,,,0,20,20,20,,,,,,,,,,,,,,,,,,,,,,,,,,,,,,,,,,,,,,,,,,,,,,,,,,,,,,,,,,,,,,,,n,1,1.400289446606621,,,153,001,2019_Sep_03_1613,Experiment 1_July3,3.1.0,60.00130416822486,
,,,,,,,,,,0.981422929,8,OlfactoryStimulus,Flower,Lavender,Pear,C:\Users\subic\Desktop\Experiment 1\Sounds\PEAR.wav,no,None,m,Lavender,0,0,2,0,,,,,,,,,,,,,,,,,,0,3,3,2,,,,,,,,,,,,,1,0,1,0,,,,,,,,,,,,,0,21,21,21,,,,,,,,,,,,,,,,,,,,,,,,,,,,,,,,,,,,,,,,,,,,,,,,,,,,,,,,,,,,,,,,m,1,1.1836808624684636,,,153,001,2019_Sep_03_1613,Experiment 1_July3,3.1.0,60.00130416822486,
,,,,,,,,,,0.735805851,2,OlfactoryStimulus,Fruit,Pear,Lemon,C:\Users\subic\Desktop\Experiment 1\Sounds\LEMON.wav,no,None,m,Pear,0,0,2,0,,,,,,,,,,,,,,,,,,0,3,3,2,,,,,,,,,,,,,1,0,1,0,,,,,,,,,,,,,0,22,22,22,,,,,,,,,,,,,,,,,,,,,,,,,,,,,,,,,,,,,,,,,,,,,,,,,,,,,,,,,,,,,,,,m,1,1.4336621456495777,,,153,001,2019_Sep_03_1613,Experiment 1_July3,3.1.0,60.00130416822486,
,,,,,,,,,,0.289600432,4,OlfactoryStimulus,Flower,Lilac,Lilac,C:\Users\subic\Desktop\Experiment 1\Sounds\LILAC.wav,yes,None,n,Lilac,0,0,2,0,,,,,,,,,,,,,,,,,,0,3,3,2,,,,,,,,,,,,,1,0,1,0,,,,,,,,,,,,,0,23,23,23,,,,,,,,,,,,,,,,,,,,,,,,,,,,,,,,,,,,,,,,,,,,,,,,,,,,,,,,,,,,,,,,n,1,2.4499500079728023,,,153,001,2019_Sep_03_1613,Experiment 1_July3,3.1.0,60.00130416822486,
,,,,,,,,,,,,,,,,,,,,,0,0,2,0,,,,,,,,,,,,,,,,,,0,3,3,2,,,,,,,,,,,,,1,0,1,0,,,,,,,,,,,,,,,,,,,,,,,,,,,,,,,,,,,,,,,,,,,,,,,,,,,,,,,,,,,,,,,,,,,,,,,,,,,,,,,,,,,space,1.3503487366760965,153,001,2019_Sep_03_1613,Experiment 1_July3,3.1.0,60.00130416822486,
,,,,,,,,,,,,,,,,,,,,,0,0,2,0,,,,,,,,,,,,,,,,,,0,3,3,2,,,,,,,,,,,,,,,,,,,,,,,,,,,,,,,,,,,,,,,,,,,,,,,,,,,,,,,,,,,,,,,,,,,,,,,,,,,,,,,,,,,,,,,,,,,,,,,,,,,,,153,001,2019_Sep_03_1613,Experiment 1_July3,3.1.0,60.00130416822486,
